,CDR3a,CDR3b,peptide,score,rank
0,CAVNFGGGKLIF,CASSLSFGTEAFF,AAGIGILTV,-22.796842575073242,1
1,CAVNFGGGKLIF,CASSLSFGTEAFF,AAGIGILTV,-22.796842575073242,2
2,CAVEGDTGFQKLVF,CASSSPRSSRDTDTQYF,AAGIGILTV,-10.40112590789795,13
3,CVGAGSYQLTF,CASSGTGVSPLHF,AAGIGILTV,-21.882854461669922,3
4,CAVRRDGNKLVF,CASSFLDRGPNTEAFF,AAGIGILTV,-18.646644592285156,9
5,CAMREGSGSYQLTF,CASSIGRSPQHF,AAGIGILTV,-13.746206283569336,12
6,CAAEINAGGTSYGKLTF,CASSVELAPGELFF,AAGIGILTV,-15.383380889892578,10
7,CAASVGSNNNDMRF,CASSPTGEPNYGYTF,AAGIGILTV,-19.84052276611328,8
8,CAASMGTDYKLSF,CASSSEEDISGNTIYF,AAGIGILTV,-21.02394676208496,6
9,CAGGGGADGLTF,CASSVSGGRTGELFF,AAGIGILTV,-21.786136627197266,4
10,CAVSVTSGTYKYIF,CASSWGLAEFYNEQFF,AAGIGILTV,-14.882704734802246,11
11,CLVARGSARQLTF,CASSLGQGDGGYTF,AAGIGILTV,-21.736160278320312,5
12,CADSGGGADGLTF,CSARIGVGNTIYF,AAGIGILTV,-25.09967613220215,0
13,CAENMGGGSQGNLIF,CASSDRAGNEQFF,AAGIGILTV,-19.915115356445312,7
