receptor_number,CDR3a,CDR3b,peptide,score,rank, binder
0,CAASGTQTGANNLFF,CASSIRASYEQYF,GILGFVFTL,-0.0024855441879481077,256,1
1,CAGAYGGSQGNLIF,CASSIRSTDTQYF,GILGFVFTL,-0.0012961820466443896,301,1
2,CAVDTNTDKLIF,CASSIRAADTQYF,GILGFVFTL,-0.0024279169738292694,258,1
3,CAVRGVTGGGNKLTF,CASSIRSSYEQYF,GILGFVFTL,-0.0032411471474915743,219,1
4,CAGAGSQGNLIF,CASGLVPGGLVYEQYF,GILGFVFTL,-0.03351110219955444,104,1
5,CVVNGLGGYSTLTF,CASSARSTDTQYF,GILGFVFTL,-0.004583423491567373,172,1
6,CAVGESSASKIIF,CASSIFGGQPQHF,GILGFVFTL,-0.003919974435120821,192,1
7,CAEDNNARLMF,CASSEGEAVYNSPLHF,GILGFVFTL,-7.2900519371032715,2,1
8,CALRLEGGSGTYKYIF,CASSGRSTDTQYF,GILGFVFTL,-0.004028249066323042,187,1
9,CILCFTSGTYKYIF,CASSTRSAYEQYF,GILGFVFTL,-0.005729224067181349,153,1
10,CVVNAHDMRF,CASSIRSSYEQYF,GILGFVFTL,-0.011368070729076862,124,1
11,CASPGGGADGLTF,CASSDRSNTEAFF,GILGFVFTL,-0.02194838784635067,112,1
12,CAVSGSASKIIF,CASSTHGADEQYF,GILGFVFTL,-0.004165060352534056,184,1
13,CAAGEKLVF,CASSIRSSYEQYF,GILGFVFTL,-0.0029102396219968796,235,1
14,CAMIEWDTGRRALIF,CASSTRSSYEQYF,GILGFVFTL,-0.0042447494342923164,180,1
15,CAELGQKLLF,CASSIRAGETQYF,GILGFVFTL,-0.002879690146073699,237,1
16,CAVNDRGSEKLVF,CASSIRSSYEQYF,GILGFVFTL,-0.0028258473612368107,239,1
17,CATEGLSGYSTLTF,CASSLTTGGRNEQFF,GILGFVFTL,-1.2597839832305908,66,1
18,CAFSPKSSASKIIF,CASSIRSSYEQYF,GILGFVFTL,-0.0036131220404058695,200,1
19,CAGAGSQGNLIF,CASSPRSTDTQYF,GILGFVFTL,-0.0016959513304755092,285,1
20,CAVRSNFGNEKLTF,CASSMRAGETQYF,GILGFVFTL,-0.006105321925133467,148,1
21,CAFSNTGNQFYF,CASSIRSSDEQFF,GILGFVFTL,-0.00334261916577816,212,1
22,CAMRGAINTGTASKLTF,CASSGPGGVDEQYF,GILGFVFTL,-2.040093421936035,40,1
23,CAVSGNEKLTF,CASSYNPRTEVSNQPQHF,GILGFVFTL,-1.3834913969039917,61,1
24,CAIMRGADGLTF,CASSIRSSYEQYF,GILGFVFTL,-0.004767820239067078,168,1
25,CAPSAGGGSQGNLIF,CASSYYSNQPQHF,GILGFVFTL,-0.0008599675493314862,317,1
26,CAEDFNARLMF,CASSLLVSGVSSTDTQYF,GILGFVFTL,-4.758743762969971,4,1
27,CAVSGSQGNLIF,CASSIRSDEKLFF,GILGFVFTL,-0.003637359943240881,198,1
28,CALSEARGGATNKLIF,CASSMRSSYEQYF,GILGFVFTL,-0.003791065886616707,194,1
29,CAVNLGGGSQGNLIF,CASSSRSAYEQYF,GILGFVFTL,-0.0012877298286184669,303,1
30,CAALGTGNQFYF,CASSIRSSYEQYF,GILGFVFTL,-0.0026329574175179005,251,1
31,CAAREGGGSQGNLIF,CASSYLRTGSVRYNEQFF,GILGFVFTL,-0.021319029852747917,113,1
32,CAVRDGNNRLAF,CASSTKVGGTGELFF,GILGFVFTL,-2.3752639293670654,29,1
33,CAFMKGPGGTSYGKLTF,CASSDDPGFGQPQHF,GILGFVFTL,-0.4235386550426483,77,1
34,CGTDEAGGSQGNLIF,CASSIRSSYEQYF,GILGFVFTL,-0.0020839509088546038,273,1
35,CAEKGGTALIF,CASSMYGGSANEQFF,GILGFVFTL,-0.7619703412055969,73,1
36,CALSGETSGSRLTF,CASSARSSYEQYF,GILGFVFTL,-0.005830329842865467,150,1
37,CIELRARF,CASSTRAGDTQYF,GILGFVFTL,-0.006363254971802235,143,1
38,CAMREVSMDSNYQLIW,CASSSPTSGDYEQYF,GILGFVFTL,-0.39138174057006836,78,1
39,CAGGGQGGSQGNLIF,CASSIRGAETQYF,GILGFVFTL,-0.0008448413573205471,318,1
40,CAAASNFGNEKLTF,CASSARSSYEQYF,GILGFVFTL,-0.003958080895245075,191,1
41,CAGADGGSQGNLIF,CASSVRSSYEQYF,GILGFVFTL,-0.0017630655784159899,283,1
42,CVVEGDKVIF,CASSIGLYGYTF,GILGFVFTL,-0.04935041815042496,97,1
43,CAVTWQASGGSYIPTF,CASSIRSQVEQFF,GILGFVFTL,-0.00336424820125103,210,1
44,CAVTYNNNDMRF,CASSFSGNTGELFF,GILGFVFTL,-2.4033353328704834,28,1
45,CAALNNARLMF,CASSIRSGYEQFF,GILGFVFTL,-0.0020127128809690475,275,1
46,CLVGTPLAGSGGYNKLIF,CASSFGSDYNEQFF,GILGFVFTL,-2.4098193645477295,26,1
47,CAVNTYSGAGSYQLTF,CASSFLDRGPNTEAFF,GILGFVFTL,-2.435652494430542,24,1
48,CAVNLNEKLTF,CASSARSNQPQHF,GILGFVFTL,-0.0025041932240128517,254,1
49,CVVNAPSGNTPLVF,CAWVLGPAGDTQYF,GILGFVFTL,-4.485218048095703,6,1
50,CLVGEEARLMF,CASSARSSYEQYF,GILGFVFTL,-0.005818809382617474,152,1
51,CVVNRLDDMRF,CASSIRSSEPQHF,GILGFVFTL,-0.02847733348608017,106,1
52,CAEGGSQGNLIF,CASSIGSYGYTF,GILGFVFTL,-0.001177633530460298,307,1
53,CAPGAGRRALTF,CASSIGLYGYTF,GILGFVFTL,-0.005660927388817072,157,1
54,CATVPSNTGKLIF,CASSIRSSYEQYF,GILGFVFTL,-0.0024160428438335657,260,1
55,CAATDRGGSNYKLTF,CASSIRASYEQYF,GILGFVFTL,-0.0032800999470055103,218,1
56,CAVRFNSGGYQKVTF,CASSARSSYEQYF,GILGFVFTL,-0.006653583142906427,141,1
57,CAVQANNARLMF,CAWSFLDVTAGTEAFF,GILGFVFTL,-2.169907331466675,33,1
58,CAVIYSGNTPLVF,CASSDRAGNEQFF,GILGFVFTL,-0.0900563895702362,90,1
59,CAVKEETSGSRLTF,CASSVAVGTGSGANVLTF,GILGFVFTL,-1.971251130104065,45,1
60,CAYSHNAGGTSYGKLTF,CASSMRSADTQYF,GILGFVFTL,-0.0018932536477223039,280,1
61,CAIGPGNMLTF,CASSRLSNQPQHF,GILGFVFTL,-0.11088255792856216,89,1
62,CALSDLRDTGRRALTF,CASSGRSADTQYF,GILGFVFTL,-0.0045210085809230804,175,1
63,CILRTNFGNEKLTF,CASSIHSTDTQYF,GILGFVFTL,-0.0016720648854970932,286,1
64,CVVNGMDSSYKLIF,CASSVRSSYEQYF,GILGFVFTL,-0.008080306462943554,135,1
65,CAYSPAAGGTSYGKLTF,CASSIRSSYEQYF,GILGFVFTL,-0.00191883509978652,278,1
66,CAMRDPPSYNTDKLIF,CASSMFGGQPQHF,GILGFVFTL,-0.011811462230980396,123,1
67,CAAPYSGGYQKVTF,CASSYGKPLYSNQPQHF,GILGFVFTL,-1.9421051740646362,47,1
68,CVVNNNNDMRF,CASSIRASYEQYF,GILGFVFTL,-0.03202776238322258,105,1
69,CAVNFGGGKLIF,CASSIRSSYEQYF,GILGFVFTL,-0.0036007424350827932,201,1
70,CAMREGENARLMF,CASSGRSTDTQYF,GILGFVFTL,-0.003367926925420761,209,1
71,CAVSFSGGYNKLIF,CASRRDGPSYEQYF,GILGFVFTL,-2.1267120838165283,36,1
72,CAMRVFLNSGGSNYKLTF,CASSIRSSYEQYF,GILGFVFTL,-0.0032856250181794167,217,1
73,CAIRWTGNQFYF,CASSQLGRGDNEQFF,GILGFVFTL,-1.8900988101959229,48,1
74,CALPGSQGNLIF,CASSFLDRGPNTEAFF,GILGFVFTL,-2.0329110622406006,41,1
75,CAGAGNTGKLIF,CASSIRSSYEQYF,GILGFVFTL,-0.0022874767892062664,267,1
76,CAGASGGGSQGNLIF,CASSQTYEQYF,GILGFVFTL,-0.0005730555858463049,324,1
77,CAALSPNFGNEKLTF,CASSLADPLPSGQYF,GILGFVFTL,-2.817793130874634,16,1
78,CAVGSGYALNF,CASTTVQGGYTF,GILGFVFTL,-1.8195152282714844,52,1
79,CAVSGGADGLTF,CASSTRSTDTQYF,GILGFVFTL,-0.012929338961839676,122,1
80,CAVNSVPWGWDPPQLTF,CASSIRSTDTQYF,GILGFVFTL,-0.002351747825741768,263,1
81,CAGAGSQGNLIF,CASSIFSVSNEQYF,GILGFVFTL,-0.0010580287780612707,313,1
82,CIVRVGGDSWGKLQF,CASSLQNTEAFF,GILGFVFTL,-3.0883522033691406,12,1
83,CAVLGNQFYF,CASSRRSGGEQYF,GILGFVFTL,-0.009653802029788494,129,1
84,CAMREGSGSYQLTF,CASSPSSSYEQYF,GILGFVFTL,-2.023876667022705,42,1
85,CATGPLPGANSKLTF,CASSIRSGAEQYF,GILGFVFTL,-0.0043714153580367565,177,1
86,CAVNAGFQKLVF,CASSIRSSYEQYF,GILGFVFTL,-0.003388958051800728,207,1
87,CAVRDGTGANNLFF,CASSIRSAYEQYF,GILGFVFTL,-0.0025397988501936197,252,1
88,CAAGGSQGNLIF,CASSSIRGPLSGNTIYF,GILGFVFTL,-0.284099280834198,81,1
89,CVMGWGKLQF,CASSIRSAYEQYF,GILGFVFTL,-0.004967518150806427,167,1
90,CAVNSGYALNF,CASSIHSGNQPQHF,GILGFVFTL,-0.007507576607167721,136,1
91,CATAGPNSGGSNYKLTF,CASSVRSSYEQYF,GILGFVFTL,-0.0066168480552732944,142,1
92,CALSAQSTGTYKYIF,CASSIRSSYEQYF,GILGFVFTL,-0.0027868906036019325,241,1
93,CAESPSSGNTPLVF,CASSIRSTYEQYF,GILGFVFTL,-0.0044764503836631775,176,1
94,CAASGTGGFKTIF,CASKRGMSNQPQHF,GILGFVFTL,-1.591261863708496,60,1
95,CAVNNARLMF,CASSMRSTDTQYF,GILGFVFTL,-0.0032280785962939262,220,1
96,CAVSSGPGKSTF,CASSIGLYGYTF,GILGFVFTL,-0.0034286973532289267,206,1
97,CAGPRKTSYDKVIF,CASSISSTGELFF,GILGFVFTL,-0.02549142576754093,108,1
98,CVVNVMDDMRF,CASSIRSSYEQYF,GILGFVFTL,-0.0720394030213356,91,1
99,CAGAGSSNTGKLIF,CASNPSSTDTQYF,GILGFVFTL,-0.01858878694474697,115,1
100,CVSPGYTNAGKSTF,CASSARSSYEQYF,GILGFVFTL,-0.005827130284160376,151,1
101,CAVNRDDKIIF,CASSIRSSYEQYF,GILGFVFTL,-0.017676398158073425,116,1
102,CAVRDLNARLMF,CASSIRSSYEQYF,GILGFVFTL,-0.003999013453722,189,1
103,CAMSGDGGSQGNLIF,CASSTRSSYEQYF,GILGFVFTL,-0.001431089360266924,295,1
104,CAIPAAGTASKLTF,CASSGRSTGELFF,GILGFVFTL,-0.06493693590164185,92,1
105,CVVNKDNDMRF,CASSVRSSYEQYF,GILGFVFTL,-0.157728374004364,85,1
106,CLVGSPFPTSGTYKYIF,CASSILTGPRTEAFF,GILGFVFTL,-2.073045253753662,38,1
107,CAASGMDTGRRALTF,CASSIHGAETQYF,GILGFVFTL,-0.003912079147994518,193,1
108,CATVEYGNKLVF,CASSTRSAYEQYF,GILGFVFTL,-0.0028096733149141073,240,1
109,CAMREAPFAYSGAGSYQLTF,CASSIRSSYEQYF,GILGFVFTL,-0.002849799580872059,238,1
110,CVVNILDDMRF,CASSIRAAETQYF,GILGFVFTL,-0.014284782111644745,118,1
111,CAASGGGSQGNLIF,CASSGRAGDTQYF,GILGFVFTL,-0.0023406287655234337,264,1
112,CAESTISGGYNKLIF,CASSIRSSYEQYF,GILGFVFTL,-0.0028897037263959646,236,1
113,CVVNTANDYKLSF,CASSISSTGELFF,GILGFVFTL,-0.024322669953107834,110,1
114,CAVQAEGSYGGATNKLIF,CASSLTFTGDLNQPQHF,GILGFVFTL,-1.2743960618972778,65,1
115,CSNARLMF,CASSIRASYEQYF,GILGFVFTL,-0.0027262624353170395,245,1
116,CAGAGGGSQGNLIF,CASSSRSSYEQYF,GILGFVFTL,-0.001406387542374432,296,1
117,CALNDDKIIF,CASSFSGNTGELFF,GILGFVFTL,-3.926990032196045,8,1
118,CAASNDFGNEKLTF,CASSVRSAYEQYF,GILGFVFTL,-0.003226427361369133,221,1
119,CALSETFTTDKLIF,CASSGLNEQFF,GILGFVFTL,-2.5132436752319336,20,1
120,CAVNKGGGSQGNLIF,CASSARSSYEQYF,GILGFVFTL,-0.0012283094692975283,305,1
121,CAASDGQNFVF,CASSIRSSYEQYF,GILGFVFTL,-0.0026817682664841413,248,1
122,CAVNQGGGSQGNLIF,CASSIRSSYEQYF,GILGFVFTL,-0.0011196500854566693,310,1
123,CAGAGNTGKLIF,CASSTRSAYEQYF,GILGFVFTL,-0.002491197781637311,255,1
124,CAVRGPEGGGNKLTF,CASSTRSAAPLHF,GILGFVFTL,-0.004724470898509026,169,1
125,CAFMTGAGGTSYGKLTF,CASSIGSYGYTF,GILGFVFTL,-0.0007679691188968718,322,1
126,CAGGGSQGNLIF,CASSIGAHGYTF,GILGFVFTL,-0.0008644344052299857,316,1
127,CAMRGRTGNQFYF,CASSFRSSYEQYF,GILGFVFTL,-0.008158364333212376,134,1
128,CVVNGRDSSYKLIF,CASSIRSSYEQYF,GILGFVFTL,-0.004651131108403206,171,1
129,CGTDPLGYGGSQGNLIF,CASSEAISGAWDEQFF,GILGFVFTL,-1.7310459613800049,54,1
130,CATDPLFSDGQKLLF,CASSIRSAYEQYF,GILGFVFTL,-0.002162395277991891,271,1
131,CAVLDSNYQLIW,CASSTRSGETQYF,GILGFVFTL,-0.006333932280540466,144,1
132,CAVSNGARLMF,CASSYSTSGNTIYF,GILGFVFTL,-2.426870822906494,25,1
133,CAADNQGGKLIF,CASSIFTIEPQHF,GILGFVFTL,-0.005586684215813875,159,1
134,CAVTSSTGKLIF,CASSSPWGQGPHEQYF,GILGFVFTL,-0.9772083163261414,70,1
135,CILRDGWVTGYKYIF,CASSIRSSYEQYF,GILGFVFTL,-0.004544014111161232,173,1
136,CAVRRAGNDMRF,CASSQGSYGYTF,GILGFVFTL,-0.1625281572341919,84,1
137,CAFMIGSGGTSYGKLTF,CASSVRSSYEQYF,GILGFVFTL,-0.002526571275666356,253,1
138,CAVEPNSGYALNF,CSVGSGDHGEQFF,GILGFVFTL,-2.289220094680786,31,1
139,CAVSDRSGGGADGLTF,CASGLVPEGLVYEQYF,GILGFVFTL,-3.4267938137054443,10,1
140,CAVSGGNQFYF,CASRSGREAFF,GILGFVFTL,-3.3494954109191895,11,1
141,CAVNTGGFKTIF,CASSPFGSDEQFF,GILGFVFTL,-1.8472617864608765,51,1
142,CAVSVTSGTYKYIF,CASSTGQPQHF,GILGFVFTL,-0.8391761183738708,71,1
143,CAETTENSSYKLIF,CASSFSGNTGELFF,GILGFVFTL,-2.1566059589385986,34,1
144,CALSEADSGYSTLTF,CASSIRSSYEQYF,GILGFVFTL,-0.003716554492712021,196,1
145,CAGPPSGTYKYIF,CASSIRSAYEQYF,GILGFVFTL,-0.0023952480405569077,261,1
146,CAESTSGGGADGLTF,CASSIRSAYEQYF,GILGFVFTL,-0.002322534564882517,266,1
147,CASQENSGAGSYQLTF,CASSGRSTGELFF,GILGFVFTL,-0.006295866332948208,145,1
148,CAGNYGGSQGNLIF,CASSFLIGELFF,GILGFVFTL,-0.6554452776908875,74,1
149,CAGGRHTGNQFYF,CASSIRSGETQYF,GILGFVFTL,-0.0029105101712048054,234,1
150,CATAGDSGYSTLTF,CASSLGTSYEQYF,GILGFVFTL,-2.291591167449951,30,1
151,CAVGSSGSARQLTF,CASSIGSYGYTF,GILGFVFTL,-0.003321671159937978,213,1
152,CVVNRNNDMRF,CASSSAGPYGYTF,GILGFVFTL,-3.6081955432891846,9,1
153,CAESEGPTYTDKLIF,CASSTHSGNQPQHF,GILGFVFTL,-0.024458887055516243,109,1
154,CAETGTYKYIF,CASSSSTGGVSNQPQHF,GILGFVFTL,-1.6475356817245483,58,1
155,CAGQTGGSQGNLIF,CASSLTVLYGYTF,GILGFVFTL,-0.0061861625872552395,146,1
156,CAIDNAGNMLTF,CASSTGAWGYTF,GILGFVFTL,-0.05198542773723602,96,1
157,CAVGGGKLIF,CASSIGSYGYTF,GILGFVFTL,-0.002423768863081932,259,1
158,CAEDNNARLMF,CASSSPQGVSNTEAFF,GILGFVFTL,-8.33716869354248,0,1
159,CAGAPNTGNQFYF,CASRSAYEQYF,GILGFVFTL,-1.6288970708847046,59,1
160,CAEISPSGGSYIPTF,CASSLDTQYF,GILGFVFTL,-1.8859171867370605,49,1
161,CAGTYGGSQGNLIF,CASSTRSSSEQYF,GILGFVFTL,-0.0021259330678731203,272,1
162,CAASVGGNNRLAF,CASSIRASYEQYF,GILGFVFTL,-0.002646317007020116,250,1
163,CAVRKFGNEKLTF,CASSARSSYEQYF,GILGFVFTL,-0.0042978087440133095,178,1
164,CAEDNNARLMF,CASSIRSSNEQYF,GILGFVFTL,-0.0037905944045633078,195,1
165,CAVNNTGNMLTF,CASSYAETQYF,GILGFVFTL,-2.9542455673217773,13,1
166,CAEDAGNMLTF,CASSIRSSYEQYF,GILGFVFTL,-0.0036760857328772545,197,1
167,CAGSNSGAGSYQLTF,CASSIRSSYEQYF,GILGFVFTL,-0.002940625883638859,233,1
168,CAFMMDGNKLVF,CASSIRSAGELFF,GILGFVFTL,-0.0023241315502673388,265,1
169,CAVGGSGGSQGNLIF,CASSTRSGYEQYF,GILGFVFTL,-0.0022477726452052593,268,1
170,CAGGGSSNTGKLIF,CASSLGFTDTQYF,GILGFVFTL,-0.11133620142936707,88,1
171,CAVSDDNDMRF,CASSIGAHGYTF,GILGFVFTL,-0.0015274641336873174,293,1
172,CAVSDSNYQLIW,CASSTRGAYEQYF,GILGFVFTL,-0.037446193397045135,102,1
173,CAGPIDGGSQGNLIF,CASSPRTGNSGANVLTF,GILGFVFTL,-0.005722921807318926,154,1
174,CAVSTDKLIF,CASSIRSGETQYF,GILGFVFTL,-0.0031776484102010727,224,1
175,CAMSADNQGGKLIF,CASSIRSSYEQYF,GILGFVFTL,-0.002719852142035961,246,1
176,CASETGNQFYF,CASSQGSWGYTF,GILGFVFTL,-0.633888840675354,75,1
177,CAAISNTGKLIF,CASSLGTANYGYTF,GILGFVFTL,-1.3813565969467163,62,1
178,CAVDFTDKLIF,CASSIRSSYEQYF,GILGFVFTL,-0.003136398969218135,226,1
179,CAVMGNTDKLIF,CASSFGSTDTQYF,GILGFVFTL,-1.2263962030410767,67,1
180,CAASETSYDKVIF,CASSQRSQETQYF,GILGFVFTL,-0.06207993999123573,94,1
181,CAASGGGSQGNLIF,CASSTRSTDTQYF,GILGFVFTL,-0.0016167548019438982,288,1
182,CALSEAKEYGNKLVF,CASSIRSSYEQYF,GILGFVFTL,-0.0026618707925081253,249,1
183,CAENQINNDMRF,CASSIFSGKPQHF,GILGFVFTL,-0.0015981073956936598,290,1
184,CAVWLISNFGNEKLTF,CASSGEGGTTNTGELFF,GILGFVFTL,-2.7226405143737793,18,1
185,CATDAYTGNQFYF,CASSSRSSGEQYF,GILGFVFTL,-0.007073454558849335,138,1
186,CAVRDGTGANNLFF,CSARDGTRAHYEQFF,GILGFVFTL,-1.9580379724502563,46,1
187,CAVEDYKAAGNKLTF,CASRVDRLPSNEKLFF,GILGFVFTL,-2.4938714504241943,21,1
188,CVVLSGGQNFVF,CASSMRASVEQFF,GILGFVFTL,-0.0031355747487396,227,1
189,CAVSNNNDMRF,CASSMRSGANVLTF,GILGFVFTL,-0.03908070921897888,101,1
190,CAFMKGAGGTSYGKLTF,CASSDRSGNEQFF,GILGFVFTL,-0.0027651432901620865,243,1
191,CAVRDPYSSNTGKLIF,CASSIGSYGYTF,GILGFVFTL,-0.004208404570817947,183,1
192,CAAFYSTLTF,CASSGRATGELFF,GILGFVFTL,-0.045155301690101624,98,1
193,CAGSGSQGNLIF,CASSIHSNQPQHF,GILGFVFTL,-0.0013949198182672262,297,1
194,CALLYARLMF,CASSIRSSGELFF,GILGFVFTL,-0.003478080965578556,203,1
195,CAVNADGQKLLF,CAASSRSTDTQYF,GILGFVFTL,-0.02054762840270996,114,1
196,CVVNIDTDKLIF,CASSGRSAGELFF,GILGFVFTL,-0.03542943671345711,103,1
197,CAFMKGAGGTSYGKLTF,CASSGRATGELFF,GILGFVFTL,-0.0036338584031909704,199,1
198,CAGGNYGGSQGNLIF,CASSIFGGAREQFF,GILGFVFTL,-0.003020031377673149,232,1
199,CAFMKPKGGSNYKLTF,CASSPVGIGEAFF,GILGFVFTL,-0.7689777612686157,72,1
200,CAFMTQENAGNMLTF,CASSSRSAYEQYF,GILGFVFTL,-0.003311110893264413,214,1
201,CAESGGSNYKLTF,CASSMRASYEQYF,GILGFVFTL,-0.005524055100977421,160,1
202,CAVSPTGSQGNLIF,CASSIRAGDNTEAFF,GILGFVFTL,-0.1480516940355301,86,1
203,CAVAFGNQFYF,CASSIYSGPGNTIYF,GILGFVFTL,-0.013528149574995041,120,1
204,CAVSPGTYKYIF,CASSLGRTNQPQHF,GILGFVFTL,-2.452054500579834,23,1
205,CGVSGGGADGLTF,CASSSPGGMETQYF,GILGFVFTL,-2.2298264503479004,32,1
206,CAYTENNARLMF,CASSIRSSYEQYF,GILGFVFTL,-0.004234000574797392,182,1
207,CAVKEYGNKLVF,CASSQQWEETQYF,GILGFVFTL,-2.1436593532562256,35,1
208,CAVRQDYQLIW,CASSVRSTDTQYF,GILGFVFTL,-0.00566957937553525,156,1
209,CALNSGSRLTF,CASSLRSTGELFF,GILGFVFTL,-0.023855090141296387,111,1
210,CAGAGGGSQGNLIF,CASSGISTDTQYF,GILGFVFTL,-0.0008300733752548695,320,1
211,CALSEPVTSGSRLTF,CASSPRSGIEAFF,GILGFVFTL,-0.010275846347212791,128,1
212,CAAPKGANNLFF,CASSIYSNQPQHF,GILGFVFTL,-0.0016152918105944991,289,1
213,CAVWGNTGKLIF,CASSIRSSYEQYF,GILGFVFTL,-0.0023896810598671436,262,1
214,CAVSSNDYKLSF,CASSVRSSYEQYF,GILGFVFTL,-0.0061795879155397415,147,1
215,CAVNRPLTGGGNKLTF,CASSIRSSETQYF,GILGFVFTL,-0.005247296299785376,163,1
216,CILRGDSGGGADGLTF,CASSWLSNQPQHF,GILGFVFTL,-0.13842825591564178,87,1
217,CAVREEDYKLSF,CASSHYSVNEQFF,GILGFVFTL,-1.2846035957336426,64,1
218,CAGAGGGSQGNLIF,CASSIRSSYEQYF,GILGFVFTL,-0.0011095349909737706,311,1
219,CAVDPLSTRVF,CASSIGGGNQPQHF,GILGFVFTL,-1.3604885339736938,63,1
220,CAFMVNAGGTSYGKLTF,CASSIGSYGYTF,GILGFVFTL,-0.0008281331392936409,321,1
221,CAVRFRNNNARLMF,CASSTRSTDTQYF,GILGFVFTL,-0.0040621585212647915,185,1
222,CARLHQTGANNLFF,CASSQYSVGEQYF,GILGFVFTL,-0.21879035234451294,82,1
223,CAVITTDSWGKLQF,CASSSRSTDTQYF,GILGFVFTL,-0.006999606732279062,139,1
224,CGTDKGGGSQGNLIF,CASSGTSVHEQYF,GILGFVFTL,-0.0011319442419335246,309,1
225,CAGDGGGGSQGNLIF,CASSIRSSYEQYF,GILGFVFTL,-0.0007112756138667464,323,1
226,CAVGTNSGGYQKVTF,CASSQDPSRTYEQYF,GILGFVFTL,-2.7261669635772705,17,1
227,CAWGGSQGNLIF,CASSPRSTDTQYF,GILGFVFTL,-0.0022064715158194304,269,1
228,CAGSGGGSQGNLIF,CASSIRSTETQYF,GILGFVFTL,-0.001343063428066671,299,1
229,CAVSESRNRDDKIIF,CASSTRSSETQYF,GILGFVFTL,-0.003970167599618435,190,1
230,CAGTIAGGSQGNLIF,CASSFLAGGYNEQFF,GILGFVFTL,-0.015732698142528534,117,1
231,CVLASGGSYIPTF,CASSLEVGLGGYTF,GILGFVFTL,-2.892092704772949,15,1
232,CAGGGGADGLTF,CASSYTGGLRYGYTF,GILGFVFTL,-7.86138391494751,1,1
233,CAGGGSQGNLIF,CASSIRSSYEQYF,GILGFVFTL,-0.0016602221876382828,287,1
234,CAPPPRGKSTF,CASSTRSAYEQYF,GILGFVFTL,-0.00309060700237751,229,1
235,CAVYGNNRLAF,CASSTRSQETQYF,GILGFVFTL,-0.009391101077198982,130,1
236,CALGGNNRLAF,CASSIRSAGRAFF,GILGFVFTL,-0.0034712215419858694,204,1
237,CLLIYGGSQGNLIF,CASSIGLYGYTF,GILGFVFTL,-0.0017151706852018833,284,1
238,CALPMNRDDKIIF,CASSTRAANEQFF,GILGFVFTL,-0.004273149184882641,179,1
239,CVVNNNNDMRF,CSAPPGDHTEAFF,GILGFVFTL,-3.958004951477051,7,1
240,CATDPNTGGFKTIF,CASSIRSSYEQYF,GILGFVFTL,-0.0027567236684262753,244,1
241,CAESKRDGGATNKLIF,CSARGGDSVLRVGEQYF,GILGFVFTL,-2.0151705741882324,43,1
242,CVVNEPDDYKLSF,CASSTRSTDTQYF,GILGFVFTL,-0.004722852259874344,170,1
243,CAVEGDTGFQKLVF,CASSFRSTDTQYF,GILGFVFTL,-0.004982701037079096,166,1
244,CLVPSEQAGTALIF,CASSIRSSYEQYF,GILGFVFTL,-0.004536658991128206,174,1
245,CAGASGNTGKLIF,CASSFRSSETQYF,GILGFVFTL,-0.0031620510853827,225,1
246,CAEDNNARLMF,CASSQRSTDTQYF,GILGFVFTL,-0.007398158311843872,137,1
247,CAVTASKLTF,CASSPDLGYEQYF,GILGFVFTL,-5.377186298370361,3,1
248,CAGAGSQGNLIF,CASSILSNQPQHF,GILGFVFTL,-0.001293021603487432,302,1
249,CAMRPLGMDSNYQLIW,CASSIRSDEKLFF,GILGFVFTL,-0.0051192049868404865,165,1
250,CVVNNADKLIF,CASSIRSSYEQYF,GILGFVFTL,-0.06492741405963898,93,1
251,CAASETSYDKVIF,CASSIRSGETQYF,GILGFVFTL,-0.003356204368174076,211,1
252,CAGADGSGNTGKLIF,CASSGRSTDTQYF,GILGFVFTL,-0.00187834317330271,281,1
253,CAFMINAGGTSYGKLTF,CASSLGQQAKNIQYF,GILGFVFTL,-0.32907599210739136,80,1
254,CAVTDEKLTF,CASSIGYYGYTF,GILGFVFTL,-0.0032099534291774035,223,1
255,CAFSGYALNF,CASSIRSSYEQYF,GILGFVFTL,-0.004058898892253637,186,1
256,CALSSRGSTLGRLYF,CASSIRSTDTQYF,GILGFVFTL,-0.006871337071061134,140,1
257,CAEGHDSTLTF,CASSIRSAETQYF,GILGFVFTL,-0.005149996839463711,164,1
258,CALNPQNAGNMLTF,CASSIRSSYEQYF,GILGFVFTL,-0.0033885822631418705,208,1
259,CAGAFGSSNTGKLIF,CASSMRSAGELFF,GILGFVFTL,-0.0012464484898373485,304,1
260,CAEDSNARLMF,CASSVRSTGELFF,GILGFVFTL,-0.013443006202578545,121,1
261,CAGADGGSQGNLIF,CASSIRSSYEQYF,GILGFVFTL,-0.0013310397043824196,300,1
262,CAGATGNTGKLIF,CASSSFSANEKLFF,GILGFVFTL,-0.010827895253896713,127,1
263,CAEVPLQGNLIF,CASSFLDRGPNTEAFF,GILGFVFTL,-2.409173011779785,27,1
264,CPGGSQGNLIF,CASSIRSSYEQYF,GILGFVFTL,-0.0024788628797978163,257,1
265,CAVREAAGNKLTF,CASSIFGSSNQPQHF,GILGFVFTL,-0.008330426178872585,133,1
266,CAMREGWPNTNAGKSTF,CASSIRSLDTQYF,GILGFVFTL,-0.0020332932472229004,274,1
267,CAGGGSQGNLIF,CASSQGAYGYTF,GILGFVFTL,-0.0011950877960771322,306,1
268,CAAGGSQGNLIF,CASSTRSAYEQYF,GILGFVFTL,-0.002011783653870225,276,1
269,CAYSTNAGGTSYGKLTF,CASSSQGGGSGYTF,GILGFVFTL,-2.041736125946045,39,1
270,CVVNGNTDKLIF,CASSPRSTDTQYF,GILGFVFTL,-0.02596188709139824,107,1
271,CAEIQASGGSYIPTF,CASSIRSSYEQYF,GILGFVFTL,-0.0032933608163148165,215,1
272,CAMRELLNSGGSNYKLTF,CASSQGSYGYTF,GILGFVFTL,-0.4938236474990845,76,1
273,YFLSSGARVTGGGNKITF,CASSLRDGSEAFF,GILGFVFTL,-1.87476646900177,50,1
274,CAAPTGFGNEKLTF,CASSFRSSYEQYF,GILGFVFTL,-0.006102110259234905,149,1
275,CAYGGSQGNLIF,CASSIGVYGYTF,GILGFVFTL,-0.0008343846420757473,319,1
276,CLVGDSYSSASKIIF,CASRINPGGADEAFF,GILGFVFTL,-2.643880844116211,19,1
277,CAVNAGNQFYF,CASSIGVYGYTF,GILGFVFTL,-0.005681124050170183,155,1
278,CAADPGFQKLVF,CASSVRSSYEQYF,GILGFVFTL,-0.005459423642605543,161,1
279,CAVSTGFQKLVF,CASSARSSDTQYF,GILGFVFTL,-0.0032933519687503576,216,1
280,CAVTGSNFGNEKLTF,CASSTRATGELFF,GILGFVFTL,-0.04474186152219772,99,1
281,CALRAGNQFYF,CASSIRSSYEQYF,GILGFVFTL,-0.003593265078961849,202,1
282,CAGNNARLMF,CASSGRSQETQYF,GILGFVFTL,-0.011157289147377014,125,1
283,CIVREWDNYGQNFVF,CASSFPPRLYANYGYTF,GILGFVFTL,-1.9946948289871216,44,1
284,CLVGVPGSARQLTF,CASSIVSNQPQHF,GILGFVFTL,-0.004242063965648413,181,1
285,CLVGDNLDSSYKLIF,CASSRRSTGELFF,GILGFVFTL,-0.05218417942523956,95,1
286,CAEIPNYGGSQGNLIF,CASSIRSTETQYF,GILGFVFTL,-0.0034462627954781055,205,1
287,CAVVFAGNTPLVF,CASSARSSTEQYF,GILGFVFTL,-0.0031057437881827354,228,1
288,CVVFNFNKFYF,CASSIRAAYEQYF,GILGFVFTL,-0.0020040448289364576,277,1
289,CAESINTGGFKTIF,CASSMRSSYEQYF,GILGFVFTL,-0.0027781666722148657,242,1
290,CAGAGSQGNLIF,CASSLMAGSYEQYF,GILGFVFTL,-0.014143173582851887,119,1
291,CAGTYGGSQGNLIF,CASSIRSSYEQYF,GILGFVFTL,-0.0014894058695062995,294,1
292,CAVNSGGYQKVTF,CASSTRSTDTQYF,GILGFVFTL,-0.005432091187685728,162,1
293,CVVNSDFGNEKLTF,CASSIGAYGYTF,GILGFVFTL,-0.00563781475648284,158,1
294,CAVDMFDRGSTLGRLYF,CASSTRSGDTQYF,GILGFVFTL,-0.004012941848486662,188,1
295,CALSEGRDDKIIF,CASSIRSSYEQYF,GILGFVFTL,-0.0027052569203078747,247,1
296,CAGSGDGGSQGNLIF,CASSLGIYGYTF,GILGFVFTL,-0.0010073337471112609,314,1
297,CAYFGAQKLVF,CASSGRSTDTQYF,GILGFVFTL,-0.008843513205647469,131,1
298,CAGEGGGSQGNLIF,CASSVRSSYEQYF,GILGFVFTL,-0.001572954235598445,292,1
299,CAFRDPAHGSSNTGKLIF,CASSISGGPGETQYF,GILGFVFTL,-1.7206100225448608,55,1
300,CAFMKGAGGTSYGKLTF,CASSIRSQTEQFF,GILGFVFTL,-0.00220586359500885,270,1
301,CARNTGNQFYF,CASSHRSNQPQHF,GILGFVFTL,-0.008630611002445221,132,1
302,CAFMKGAGGTSYGKLTF,CASSIRSSYEQYF,GILGFVFTL,-0.001594924135133624,291,1
303,CALNYGGSQGNLIF,CASSIGSYGYTF,GILGFVFTL,-0.0011611399240791798,308,1
304,CALKRSNTGKLIF,CASSSLGAREQFF,GILGFVFTL,-1.1658141613006592,68,1
305,CAVNSGNQFYF,CASSIRSGYEQYF,GILGFVFTL,-0.0030214351136237383,231,1
306,CALSEPYSGNTPLVF,CASSSRDGGTDTQYF,GILGFVFTL,-2.1081695556640625,37,1
307,CAFRTSGSRLTF,CATSRDLASQAFF,GILGFVFTL,-2.9412624835968018,14,1
308,CALSEASGNAGNMLTF,CASSGLAGARNEQYF,GILGFVFTL,-1.6799323558807373,57,1
309,CAVRDGTGANNLFF,CASSTRSQETQYF,GILGFVFTL,-0.010897004045546055,126,1
310,CAVNTGGGSQGNLIF,CASSIRSSYEQYF,GILGFVFTL,-0.0010729565983638167,312,1
311,CAVEVLQGAQKLVF,CASSQVEAFYEQYF,GILGFVFTL,-1.719380259513855,56,1
312,CAGALDSGYALNF,CSARDLTAGSYEQYF,GILGFVFTL,-1.7673248052597046,53,1
313,CAVNAGGFKTIF,CASSWGGGSHYGYTF,GILGFVFTL,-4.6997880935668945,5,1
314,CAMRRPGANNLFF,CASSIRSGVEQYF,GILGFVFTL,-0.0032103529665619135,222,1
315,CALSEAGGATNKLIF,CASSVGSYGYTF,GILGFVFTL,-0.18974590301513672,83,1
316,CAVQDNFNKFYF,CASGNKDIHNEQFF,GILGFVFTL,-2.4895503520965576,22,1
317,CGTSDGGSQGNLIF,CASSFSGDTEAFF,GILGFVFTL,-0.3523264229297638,79,1
318,CAAGGSQGNLIF,CASSMRAGVEQFF,GILGFVFTL,-0.0013683157740160823,298,1
319,CAAGGSQGNLIF,CASSARAGITQYF,GILGFVFTL,-0.0017680998425930738,282,1
320,CVVNSNNDMRF,CASSQRSTDTQYF,GILGFVFTL,-0.04195588827133179,100,1
321,CAGDGGGGSQGNLIF,CASSQDLTSEAFF,GILGFVFTL,-0.0009363076533190906,315,1
322,CAGEGGSQGNLIF,CASSVELAPGELFF,GILGFVFTL,-0.9852582216262817,69,1
323,CGYGGSQGNLIF,CASSIRSSYEQYF,GILGFVFTL,-0.00191853370051831,279,1
324,CAVSDARNYQLIW,CASSIRSSYEQYF,GILGFVFTL,-0.003021594136953354,230,1
0,CAVSPYGGSQGNLIF,CATSSGTGAYEQYF,LLWNGPMAV,-0.10273481160402298,48,1
1,CAGAGGGSQGNLIF,CASSQEAGGGTGELFF,LLWNGPMAV,-5.710960388183594,5,1
2,CAFNRDDKIIF,CATSRASGSYEQYF,LLWNGPMAV,-0.17785751819610596,46,1
3,CAGSPSNTGKLIF,CASSQGPAAYEQYF,LLWNGPMAV,-0.4153324365615845,41,1
4,CFNNNDMRF,CASSQVAKMAKDNYGYTF,LLWNGPMAV,-2.9833569526672363,18,1
5,CAVSPIDMDSNYQLIW,CATTGGSGYEQYF,LLWNGPMAV,-3.441777467727661,14,1
6,CAASASGTYKYIF,CATSGTGGHEQYF,LLWNGPMAV,-1.0338740348815918,37,1
7,CALRSNDYKLSF,CASSPGGVSYGYTF,LLWNGPMAV,-2.0679688453674316,28,1
8,CAGAVGSSNTGKLIF,CASSEALGSTSYEQYF,LLWNGPMAV,-5.587462902069092,6,1
9,CKGGSQGNLIF,CASSGGTADTQYF,LLWNGPMAV,-1.4539732933044434,33,1
10,CLVGPGMF,CASSSTQGAAYGYTF,LLWNGPMAV,-0.9473558664321899,39,1
11,CAYLDVGGGADGLTF,CASSPDGGHSTDTQYF,LLWNGPMAV,-3.22161865234375,17,1
12,CLVGDSGDRGSTLGRLYF,CASSSTGTRGSYEQYF,LLWNGPMAV,-3.8423900604248047,11,1
13,CAESTGKLIF,CASSPGTGAYEQYF,LLWNGPMAV,-1.878663420677185,30,1
14,CLDSNDMRF,CASSGGQGAYEQYF,LLWNGPMAV,-1.3037850856781006,34,1
15,CARATNDYKLSF,CSVTGERGTDTQYF,LLWNGPMAV,-3.8011438846588135,12,1
16,CAFMVNAGGTSYGKLTF,CASSGTGVSPLHF,LLWNGPMAV,-4.981553077697754,8,1
17,CATDGSSGGSNYKLTF,CASSPGQGPYEQYF,LLWNGPMAV,-1.87507164478302,32,1
18,CAVMAGAQKLVF,CSASGDRGADTQYF,LLWNGPMAV,-1.0607974529266357,36,1
19,CAAQLYGQNFVF,CANNCGFF,LLWNGPMAV,-2.4628138542175293,23,1
20,CVTGAGSYQLTF,CASSATGTGGYEQYF,LLWNGPMAV,-0.969883918762207,38,1
21,CAASGSSNAGNMLTF,CASSGQGAYGYTF,LLWNGPMAV,-0.1314791589975357,47,1
22,CVVTGGGNKLTF,CASSAGQESYEQYF,LLWNGPMAV,-0.1785651594400406,45,1
23,CAVATMGSGGSNYKLTF,CASSDLAGGTDTQYF,LLWNGPMAV,-2.5857226848602295,22,1
24,CAVNKGGGSQGNLIF,CSAAGDRGADTQYF,LLWNGPMAV,-7.084219932556152,1,1
25,CAVRGRSNYGGSQGNLI,CASSQGPAAYEQYF,LLWNGPMAV,-0.7946391701698303,40,1
26,CALGGYSSASKIIF,CASSQEVAYEQYF,LLWNGPMAV,-1.2503783702850342,35,1
27,CAYSPAAGGTSYGKLTF,CSASEAGGSYEQYF,LLWNGPMAV,-3.381599187850952,16,1
28,CAASSLSGSYIPTF,CASSYPNQPQHF,LLWNGPMAV,-2.361415386199951,26,1
29,CAAVLNNAGNMLTF,CASSQTATTGPGSPLHF,LLWNGPMAV,-2.364633798599243,25,1
30,CAVFFEGGATNKLIF,CASSASRNTDGTDTQYF,LLWNGPMAV,-2.7579565048217773,19,1
31,CALTPRDDMRF,CASSQDLGGAYEQYF,LLWNGPMAV,-0.2835075855255127,43,1
32,CAVDDLYSNYQLIW,CASNGGLAYEQYF,LLWNGPMAV,-2.003650426864624,29,1
33,CAEDNNARLMF,CASSVAPGRDGYTF,LLWNGPMAV,-5.81022310256958,4,1
34,CVVNDPAGSYQLTF,CSASLKADEQFF,LLWNGPMAV,-5.138432502746582,7,1
35,CAGAGGGSQGNLIF,CASSAQGDSYEQYF,LLWNGPMAV,-6.126045227050781,3,1
36,CALTPDYKLSF,CATTGGSGYEQYF,LLWNGPMAV,-0.4074598550796509,42,1
37,CAENMGGGSQGNLIF,CASSGRDRQNTEAFF,LLWNGPMAV,-8.034603118896484,0,1
38,CALSEGVFNDYKLSF,CASSWGGAYEQYF,LLWNGPMAV,-0.2678666412830353,44,1
39,CALSEAGTGGSYIPTF,CAISDLAGEPKTQETQYF,LLWNGPMAV,-4.593071460723877,9,1
40,CAVRVLAGSARQLTF,CASSYTGTGSQPQHF,LLWNGPMAV,-2.6497297286987305,20,1
41,CVVSDLYNTDKLIF,CASSETGQPQHF,LLWNGPMAV,-2.0908126831054688,27,1
42,CAVNGGGGSQGNLIF,CASSHGQGAYEQYF,LLWNGPMAV,-6.291618347167969,2,1
43,CAVRMGGGAGYSTLTF,CARSTGGDSYGYTF,LLWNGPMAV,-1.8759347200393677,31,1
44,CALDPFTGGGNKLTF,CASSQTSGTGNYEQYF,LLWNGPMAV,-2.407792568206787,24,1
45,CAVSDSNYQLIW,CASGTEIFYYEQYF,LLWNGPMAV,-4.277365207672119,10,1
46,CAYLDTGNQFYF,CATSGRTGGGEQYF,LLWNGPMAV,-3.5229616165161133,13,1
47,CAGGGSQGNLIF,CASSHSGYEQFF,LLWNGPMAV,-3.420984983444214,15,1
48,CAYPGNTPLVF,CASSRQGGYGYTF,LLWNGPMAV,-2.6203739643096924,21,1
0,CAGLGGKLIF,CASSDASGSIGEQFF,CINGVCWTV,-4.178942680358887,10,1
1,CAYGGSQGNLIF,CASSSSFGRAGVDESYEQYF,CINGVCWTV,-4.31842041015625,8,1
2,CAMREIGRGSTLGRLYF,CASSSKTSRWDEQFF,CINGVCWTV,-3.421926498413086,16,1
3,CAPRMDSSYKLIF,CASSLEAGPWGELFF,CINGVCWTV,-3.426203727722168,15,1
4,CAIALATSGSRLTF,CASSQPLGLAEKETQYF,CINGVCWTV,-2.035609722137451,25,1
5,CAGNYGGSQGNLIF,CASSAQGANEQFF,CINGVCWTV,-5.277629852294922,4,1
6,CAVSGNKLTF,CASSVQADGTGGGETQYF,CINGVCWTV,-4.503881931304932,6,1
7,CARNTGNQFYF,CASSQEIAQGTNTGELFF,CINGVCWTV,-2.0876529216766357,24,1
8,CAASGGSQGNLIF,CASSQAQSGTAPYEQYF,CINGVCWTV,-2.6983635425567627,21,1
9,CVVGDDKIIF,CASSSGQGNIQYF,CINGVCWTV,-8.545296669006348,1,1
10,CVVQPGGYQKVTF,CASSLTVSLSPDLNEQFF,CINGVCWTV,-1.8626097440719604,26,1
11,CAESTSGGKLIF,CASSSSMESGNTIYF,CINGVCWTV,-4.913453578948975,5,1
12,CAPTSTWGWELPTHF,CSVFLGGESATNEKLFF,CINGVCWTV,-4.353976249694824,7,1
13,CAGPYNYGQNFVF,CASSPGLAGYSYNEQFF,CINGVCWTV,-3.7007830142974854,13,1
14,CAMRASEQAAGNKLTF,CASSQEVSGGWGEQYF,CINGVCWTV,-1.6075071096420288,27,1
15,CAVGNYQLIW,CASSQDWQDVRTQYF,CINGVCWTV,-2.93373703956604,20,1
16,CAIYNQGGKLIF,CASSQEGSGAPYEQYF,CINGVCWTV,-1.5148131847381592,28,1
17,CATDAMSAGYSTLTF,CASSQRVGLAGKETQYF,CINGVCWTV,-3.090114116668701,18,1
18,CAFMKGAGGTSYGKLTF,CASSHSAGVFMNTEAFF,CINGVCWTV,-4.296861171722412,9,1
19,CAVENYQLIW,CATSTTFQTDYAEPYGYTF,CINGVCWTV,-3.1517789363861084,17,1
20,CAVTPDGQKLLF,CASMAGTPYEQYF,CINGVCWTV,-6.621189594268799,2,1
21,CILWVAAGNKLTF,CASTPVPGQVGSYEQYF,CINGVCWTV,-2.3889524936676025,23,1
22,CAVRDGTGANNLFF,CASSGPGKWETQYF,CINGVCWTV,-3.628155469894409,14,1
23,CAVTTDSWGKLQF,CASSSGQGNIQYF,CINGVCWTV,-9.564929962158203,0,1
24,CAVGAGNSGYSTLTF,CASSLYIQGGEQYF,CINGVCWTV,-3.835087776184082,12,1
25,CAVGGSARQLTF,CASSLYGQGSSSYGYTF,CINGVCWTV,-4.156524181365967,11,1
26,CALSEGTYNNNDMRF,CAISDLTGEIYSGYTF,CINGVCWTV,-3.0374295711517334,19,1
27,CALDPDTDKLIF,CASSSGQGNIQYF,CINGVCWTV,-5.649445056915283,3,1
28,CAVGAPTNDYKLSF,CASSQLLAGGFSQTDTQYF,CINGVCWTV,-2.448425531387329,22,1
0,CAYSPAAGGTSYGKLTF,CAWSLPGLSYEQYF,ELAGIGILTV,-4.962789535522461,11,1
1,CAVGGTQARLMF,CASSQGLLGGELFF,ELAGIGILTV,-0.06541569530963898,55,1
2,CAVPKGSQGNLIF,CASSRRSSGELFF,ELAGIGILTV,-6.6053853034973145,6,1
3,CALSEMNSGNTPLVF,CASSQGGSPLHF,ELAGIGILTV,-3.63808536529541,21,1
4,CAVRRDGNKLVF,CASTTTGTSSYEQYF,ELAGIGILTV,-1.0481470823287964,42,1
5,CAVSENRDDKIIF,CASGLSGDEQYF,ELAGIGILTV,-4.074745178222656,18,1
6,CAEKLAGTALIF,CASSPSAQGNEQYF,ELAGIGILTV,-1.7726401090621948,36,1
7,CAGGGSQGNLIF,CASSLGVEAFF,ELAGIGILTV,-5.7864532470703125,8,1
8,CAFMKGAGGTSYGKLTF,CASSQEEGAYNSPLHF,ELAGIGILTV,-5.084583282470703,9,1
9,CVVNREGYSTLTF,CATSGGMGQPQHF,ELAGIGILTV,-0.23972675204277039,50,1
10,CALSESNSGNTPLVF,CASSPGALNTEAFF,ELAGIGILTV,-1.2208539247512817,40,1
11,CAVNLGSYIPTF,CASSYMGLGAYEQYF,ELAGIGILTV,-0.28667905926704407,49,1
12,CAGGGSQGNLIF,CASSQATSGIFVYEQYF,ELAGIGILTV,-4.3148064613342285,14,1
13,CALDMGGGSQGNLIF,CASTLGEGSEAFF,ELAGIGILTV,-9.529729843139648,1,1
14,CAGAMGGGSQGNLIF,CASSVTGQLQETQYF,ELAGIGILTV,-10.91224479675293,0,1
15,CAFMKGAGGTSYGKLTF,CASSLNPGGNVLTF,ELAGIGILTV,-6.807934761047363,5,1
16,CAESVGKLIF,CASSSQGVGNTIYF,ELAGIGILTV,-1.4098721742630005,38,1
17,CAYMTNAGGTSYGKLTF,CSARPGEQGGDGYTF,ELAGIGILTV,-4.999753475189209,10,1
18,CLVGDIDNTGNQFYF,CASSLGETQYF,ELAGIGILTV,-6.460095405578613,7,1
19,CAVRMDSSYKLIF,CASSAGLIGANVLTF,ELAGIGILTV,-3.7814886569976807,20,1
20,CAVVEGGGSQGNLIF,CASSQEGNTGELFF,ELAGIGILTV,-6.9410834312438965,4,1
21,CASSALGSEKLVF,CASSSDGNEQFF,ELAGIGILTV,-3.144941568374634,27,1
22,CAGRETNAGKSTF,CASSIRSSYEQYF,ELAGIGILTV,-9.294294357299805,3,1
23,CAGHTGNQFYF,CAWGGVQGINEQYF,ELAGIGILTV,-4.1709513664245605,17,1
24,CAAWGKLQF,CASSATGTHSFGYTF,ELAGIGILTV,-1.066037893295288,41,1
25,CAGAGGGSQGNLIF,CSAALGLGEKLFF,ELAGIGILTV,-9.375235557556152,2,1
26,CIVRVANTDKLIF,CSVEKGTGELFF,ELAGIGILTV,-4.435574531555176,12,1
27,CAGYHIQGGSEKLVF,CASSYSGSGNEQFF,ELAGIGILTV,-3.8277087211608887,19,1
28,CAVRGGKLIF,CSLIQGLGTEAFF,ELAGIGILTV,-0.3441789448261261,48,1
29,CAGQRATDSWGKLQF,CASSLLNEQFF,ELAGIGILTV,-4.238142490386963,15,1
30,CAEPKGGTYKYIF,CASSVYLSGNTIYF,ELAGIGILTV,-3.5952179431915283,22,1
31,CVVNDGNKLVF,CASSPMGVGGNTIYF,ELAGIGILTV,-2.7896196842193604,30,1
32,CAERTALGYSTLTF,CASSLGFLTGELFF,ELAGIGILTV,-0.6169871091842651,45,1
33,CALDSNAGGTSYGKLTF,CASGMSGGAENEQFF,ELAGIGILTV,-4.42119836807251,13,1
34,CAVNRDDKIIF,CSVEDGGRGGSTDTQYF,ELAGIGILTV,-2.9947516918182373,28,1
35,CAGGGSQGNLIF,CASSDGGLGQPQHF,ELAGIGILTV,-0.12314406037330627,52,1
36,CAMRALNAGGTSYGKLTF,CASSLDGNEQYF,ELAGIGILTV,-4.209298133850098,16,1
37,CAVTSNTGKLIF,CASSLGVAGTNTGELFF,ELAGIGILTV,-2.884772777557373,29,1
38,CAVIRGGNTPLVF,CASTDSPGLAGGYEQYF,ELAGIGILTV,-2.0960195064544678,33,1
39,CAYRTYKYIF,CASSLRGLGQPQHF,ELAGIGILTV,-0.07076139748096466,54,1
40,CAESPAGTALIF,CASSEGQTGNTIYF,ELAGIGILTV,-2.1902782917022705,32,1
41,CAAKEGYSTLTF,CASSPTGGAETQYF,ELAGIGILTV,-3.2574682235717773,25,1
42,CAGADDKIIF,CASSWGQMNTEAFF,ELAGIGILTV,-1.8826261758804321,35,1
43,CAALSPNFGNEKLTF,CASKNSQGTGNEQFF,ELAGIGILTV,-0.5251623392105103,47,1
44,CVVADSKLTF,CSASAGNQPQHF,ELAGIGILTV,-2.4332895278930664,31,1
45,CVVNSGSARQLTF,CASRPTGMGQPQHF,ELAGIGILTV,-0.08438035100698471,53,1
46,CALSVRVGSGYSTLTF,CASSFQGLGQPQHF,ELAGIGILTV,-0.1615704596042633,51,1
47,CAMREDPGGTSYGKLTF,CASSPSELADTQYF,ELAGIGILTV,-3.589787006378174,23,1
48,CAERNAGKSTF,CASSPGTLADTQYF,ELAGIGILTV,-1.895542860031128,34,1
49,CAVRALNDYKLSF,CASSFQGLGYEQYF,ELAGIGILTV,-0.6506257057189941,44,1
50,CAYSHNAGGTSYGKLTF,CASSQDHNRGQGYTF,ELAGIGILTV,-3.5838475227355957,24,1
51,CVVPSRTGFQKLVF,CASSDGGGGSEAFF,ELAGIGILTV,-1.3323770761489868,39,1
52,CAMSGDSNYQLIW,CATSWGGSGELFF,ELAGIGILTV,-1.5972728729248047,37,1
53,CAFMINAGGTSYGKLTF,CASSWGQGSAYTF,ELAGIGILTV,-0.838426411151886,43,1
54,CAESIGKLIF,CSARPRTSGSGAGELFF,ELAGIGILTV,-3.196605920791626,26,1
55,CAVNTPPFYF,CASRVQGLLMHYEQYF,ELAGIGILTV,-0.5575911402702332,46,1
0,CAVAKDLQNSGGGADGLTF,CASSTGQGARETQYF,WLLWPVTLA,-8.430388450622559,1,1
1,CAFMTNAGGTSYGKLTF,CASSSTGGRSTTEQYF,WLLWPVTLA,-9.97341537475586,0,1
0,CAFMKDAGGTSYGKLTF,CAWSISDLAKNIQYF,NLVPMVATV,-3.157275676727295,24,1
1,CAVGLDRGSTLGRLYF,CASSLGAANYNEQFF,NLVPMVATV,-1.7423778772354126,57,1
2,CAYMDSGTYKYIF,CASSEGYIYEQYF,NLVPMVATV,-3.0488452911376953,27,1
3,CAFNRDDKIIF,CSILGSNAGPQETQYF,NLVPMVATV,-1.8068617582321167,54,1
4,CAFMMGAGGTSYGKLTF,CASSLEIQGSGAFF,NLVPMVATV,-2.1595945358276367,41,1
5,CAVSLYNNNDMRF,CASTGSVSTDTQYF,NLVPMVATV,-2.071564197540283,44,1
6,CAVDEGGGSQGNLIF,CASSPRQSNQPQHF,NLVPMVATV,-7.5865797996521,1,1
7,CVVNREDDMRF,CASSQGLAGEVYTGELFF,NLVPMVATV,-6.599731922149658,5,1
8,CVVNQVPGYALNF,CASSLFAGAETQYF,NLVPMVATV,-2.962308168411255,28,1
9,CAVRDGTANNLFF,CASSLLAVGTGGNTEAFF,NLVPMVATV,-2.4319958686828613,37,1
10,CIVKVRGTSYGKLTF,CASSYVTGTGSYGYTGF,NLVPMVATV,-1.199095368385315,64,1
11,CVVNGGNDMRF,CASSPSTGTIYGYTF,NLVPMVATV,-3.948362112045288,16,1
12,CAMSGSNFGNEKLTF,CASSDAENTEAFF,NLVPMVATV,-5.092832088470459,11,1
13,CVVGYGQFYF,CASSPGTYEAFF,NLVPMVATV,-3.1385107040405273,26,1
14,CALSDSGFSDGQKLLF,CASLAGVRTDTQYF,NLVPMVATV,-1.9501357078552246,49,1
15,CARNTGNQFYF,CASSFVSFDEQFF,NLVPMVATV,-1.8729761838912964,51,1
16,CVVNRNNDMRF,CAIDRVGTGELFF,NLVPMVATV,-4.415716171264648,14,1
17,CAGGGSQGNLIF,CSARDHGGDYGYTF,NLVPMVATV,-3.6803183555603027,19,1
18,CAGAVGSSNTGKLIF,CAAGTRTDTQYF,NLVPMVATV,-5.3222527503967285,10,1
19,CAASGGGSQGNLIF,CATSDPLAAAYEQYF,NLVPMVATV,-3.231673240661621,23,1
20,CGTAMGGGSQGNLIF,CASSLKAGNQPQHF,NLVPMVATV,-7.567354202270508,2,1
21,CAIDSGGGADGLTF,CASRRQGTVYEQYF,NLVPMVATV,-2.004199981689453,46,1
22,CAVGGDMRF,CASSSVNEQYF,NLVPMVATV,-0.19651111960411072,68,1
23,CIVRVRGGSNYKLTF,CASSPPGRGNTGELFF,NLVPMVATV,-3.820140838623047,18,1
24,CALNDYKLSF,CASRRQGTVYEQYF,NLVPMVATV,-2.0046658515930176,45,1
25,CAVNLGGGSQGNLIF,CASSGRGFLNYGYTF,NLVPMVATV,-5.735886573791504,8,1
26,CAVDIYSGTYKYIF,CASSRRDATRFAETQYF,NLVPMVATV,-1.580283284187317,58,1
27,CAVGDGQKLLF,CASSLDRSTGELFF,NLVPMVATV,-3.4410009384155273,22,1
28,CAGPTHDMNYGGSQGNLIF,CASSETSGRSPYEQYF,NLVPMVATV,-1.7575576305389404,56,1
29,CAARGGGGSQGNLIF,CATSEGNEQFF,NLVPMVATV,-6.3047285079956055,6,1
30,CAVNEAGGYNKLIF,CASSFQGYTEAFF,NLVPMVATV,-1.4260812997817993,61,1
31,CAFMINAGGTSYGKLTF,CASSPGGGMNTEAFF,NLVPMVATV,-2.8027267456054688,29,1
32,CAVNAGNNRKLIW,CASSSANYGYTF,NLVPMVATV,-0.08296407014131546,69,1
33,CAGAGGGSQGNLIF,CASSLSGVPHNNEQFF,NLVPMVATV,-5.7987284660339355,7,1
34,CAASIGGGSQGNLIF,CASSFQGYTEAFF,NLVPMVATV,-6.65062141418457,4,1
35,CVVSEGVTEDMRF,CASSVVERAFF,NLVPMVATV,-1.8639414310455322,52,1
36,CALSEAGTGGSYIPTF,CASRKLAGPTDTQYF,NLVPMVATV,-1.8103876113891602,53,1
37,CATVRPYSGYSTLTF,CASSSAFYGYTF,NLVPMVATV,-0.05810849741101265,70,1
38,CADSGGGADGLTF,CASSARGGGNNEQFF,NLVPMVATV,-3.8985278606414795,17,1
39,CAFMINAGGTSYGKLTF,CASTGTSGALYNEQFF,NLVPMVATV,-2.237518310546875,40,1
40,CAVMDDKIIF,CASSSGLAGVETGELFF,NLVPMVATV,-5.333824157714844,9,1
41,CVVNTPNDYKLSF,CASSFKDTNTGELFF,NLVPMVATV,-6.946312427520752,3,1
42,CAASGGTSYGKLTF,CASGPGTSATDTQYF,NLVPMVATV,-2.4201674461364746,38,1
43,CAVNAGGTSYGKLTF,CASSHGAAAGETEAFF,NLVPMVATV,-4.927186965942383,12,1
44,CATEGASGGSYIPTF,CSAPFPGQGDYGYTF,NLVPMVATV,-1.9914261102676392,47,1
45,CAVRDSNYQLIW,CASSPSREGYTF,NLVPMVATV,-0.6139931082725525,66,1
46,CATDAAKEYGNKLVF,CATSDSAGYNEQFF,NLVPMVATV,-2.1285157203674316,42,1
47,CAVSGSQGNLIF,CATSDLKVHSGNYGYTF,NLVPMVATV,-2.6888420581817627,31,1
48,CAMSVNAGGTSYGKLTF,CASSHTSGNGDTQYF,NLVPMVATV,-3.6104323863983154,21,1
49,CAGIVRDDKIIF,CASSGTNSPLHF,NLVPMVATV,-2.3205270767211914,39,1
50,CALSNDYKLSF,CASRDTSGTAYEQYF,NLVPMVATV,-1.7949572801589966,55,1
51,CAVDTGGFKTIF,CASSVEGTSGRSYNEQFF,NLVPMVATV,-2.5418314933776855,34,1
52,CRVGGGADGLTF,CATGRGGKIGEQYF,NLVPMVATV,-4.836325645446777,13,1
53,CLVGGVRNQGGKLIF,CASSPGYGSSGNTIYF,NLVPMVATV,-2.6276769638061523,33,1
54,CAVFYTGRRALTF,CASSLDLYGYTF,NLVPMVATV,-1.9859693050384521,48,1
55,CAVREGADGLTF,CASSLVGTGELFF,NLVPMVATV,-3.6612420082092285,20,1
56,CAFGAGSYQLTF,CASSSGLAGVETGELFF,NLVPMVATV,-2.6524009704589844,32,1
57,CALSGGSNYKLTF,CASSPTLVTSGNTIYF,NLVPMVATV,-2.800004720687866,30,1
58,CAEDNNARLMF,CASSDRLENNEKLFF,NLVPMVATV,-7.757772922515869,0,1
59,CALPTSRNSGNTPLVF,CASSYWDRTTSGNTIYF,NLVPMVATV,-1.579262375831604,59,1
60,CAESEGPTYTDKLIF,CASSYQTGTGTYGYTF,NLVPMVATV,-0.04242055118083954,71,1
61,CAGDSPAGKSTF,CSARAELAADFISSYNEQFF,NLVPMVATV,-1.201568841934204,63,1
62,CAVTFSGGYNKLIF,CASSAGGGSYNEQFF,NLVPMVATV,-3.139716625213623,25,1
63,CAVINSGYSTLTF,CASSLAGFTGELFF,NLVPMVATV,-1.9059488773345947,50,1
64,CAYSPAAGGTSYGKLTF,CASSPGTSGRAWNNEQFF,NLVPMVATV,-2.4546680450439453,35,1
65,CAVGSQGNLIF,CASSPKTGASYGYTF,NLVPMVATV,-1.4063621759414673,62,1
66,CAVNSGNQFYF,CAISEQEDQPQHF,NLVPMVATV,-2.119321823120117,43,1
67,CAGSNTNAGKSTF,CASSMTSGALYNEQFF,NLVPMVATV,-1.5594419240951538,60,1
68,CAEYEDSSYKLIF,CASSRRDATRFAETQYF,NLVPMVATV,-2.447554588317871,36,1
69,CAASAAGNQFYF,CSARLPRDYSNQPQHF,NLVPMVATV,-1.1274884939193726,65,1
70,CAMREVMDSNYQLIW,CASTRESTDTQYF,NLVPMVATV,-0.395977646112442,67,1
71,CAVIGEGGKLTF,CASSQGLAGEVYTGELFF,NLVPMVATV,-4.02889347076416,15,1
0,CAASSTGAGSYQLTF,CSAPSYGELFF,YLQPRTFLL,-4.149817943572998,11,1
1,CAAPTGFGNEKLTF,CASNEQNSNEQFF,YLQPRTFLL,-1.1561808586120605,21,1
2,CAYRSLPMDSNYQLIW,CASSPDRNTGELFF,YLQPRTFLL,-0.43912678956985474,24,1
3,CVVLSGNTGKLIF,CASSPPSGGNTGELFF,YLQPRTFLL,-1.2245044708251953,20,1
4,CIFVRNRDDKIIF,CSVEKDRNTGELFF,YLQPRTFLL,-0.021023722365498543,40,1
5,CAMSGDGGSQGNLIF,CASSDLNTGELFF,YLQPRTFLL,-0.09878422319889069,32,1
6,CAVERAAGNKLTF,CASGDLNTGELFF,YLQPRTFLL,-0.004550297278910875,48,1
7,CAYRSLDLSGNTPLVF,CASNEENTGELFF,YLQPRTFLL,-0.005074049811810255,46,1
8,CGTEYPNDYKLSF,CASSPTGEPNYGYTF,YLQPRTFLL,-7.368735313415527,5,1
9,CATEGNSGYSTLTF,CASSPEDIQYF,YLQPRTFLL,-1.4976658821105957,19,1
10,CAVRGAGYALNF,CASSPLGGGNTGELFF,YLQPRTFLL,-0.06129564717411995,36,1
11,CAGPGSQGNLIF,CASQDINTGELFF,YLQPRTFLL,-0.001963414018973708,50,1
12,CALSENTDKLIF,CSARDQQGQNTGELFF,YLQPRTFLL,-0.04780375957489014,37,1
13,CAVNPSNTGKLIF,CASSILAGGNTGELFF,YLQPRTFLL,-0.19504240155220032,29,1
14,CAGGGSQGNLIF,CASSSAALLSYEQYF,YLQPRTFLL,-5.476469993591309,7,1
15,CAVFTFNAGGTSYGKLTF,CASSSIYGTSYEQYF,YLQPRTFLL,-5.572429656982422,6,1
16,CAVNQGQGAQKLVF,CSARIARINAYEQYF,YLQPRTFLL,-3.6766960620880127,12,1
17,CAGAGGGSQGNLIF,CASSEIDTGELFF,YLQPRTFLL,-2.9713711738586426,16,1
18,CAIQGSQGNLIF,CSVDRGSPSYEQYF,YLQPRTFLL,-7.663895606994629,3,1
19,CALDILYNQGGKLIF,CAIIDRNTGELFF,YLQPRTFLL,-0.07909144461154938,33,1
20,CAENLGGGSQGNLIF,CASSDRGRSYEQYF,YLQPRTFLL,-10.119572639465332,0,1
21,CAVGTNFGNEKLTF,CASNDLNTGELFF,YLQPRTFLL,-0.005893384106457233,45,1
22,CAWSSNAGGTSYGKLTF,CASSQDILARYNEQFF,YLQPRTFLL,-2.933440923690796,17,1
23,CAGGGSQGNLIF,CASSELNTGELFF,YLQPRTFLL,-0.016593316569924355,41,1
24,CADTGGRSSNFGNEKLTF,CASSDDLGGNTGELFF,YLQPRTFLL,-0.1903086155653,30,1
25,CAGPEDGGSQGNLIF,CASSPDIEAFF,YLQPRTFLL,-0.004520482383668423,49,1
26,CAGQGGKLIF,CAIRSGNTYSYEQYF,YLQPRTFLL,-3.2177085876464844,15,1
27,CAVNPGSARQLTF,CATQDGNTGELFF,YLQPRTFLL,-0.011146001517772675,43,1
28,CVANTGNQFYF,CASSPTPSGQGTADTQYF,YLQPRTFLL,-3.4531009197235107,14,1
29,CVVNGMDSSYKLIF,CARGDANTGELFF,YLQPRTFLL,-0.016237884759902954,42,1
30,CATDASRDDKIIF,CSARDRQGQNTGELFF,YLQPRTFLL,-0.07194337248802185,35,1
31,CALSEDGAGNMLTF,CASSSATFFEQNYGYTF,YLQPRTFLL,-4.483861923217773,10,1
32,CAVIQINDYKLSF,CSARGKREHNTGELFF,YLQPRTFLL,-0.29759305715560913,27,1
33,CAVSGLNNQGGKLIF,CARGLANTGELFF,YLQPRTFLL,-0.33333656191825867,25,1
34,CAMREEGMDSNYQLIW,CASQRGGREETQYF,YLQPRTFLL,-7.582508087158203,4,1
35,CAYRSERELVF,CATLGSNTGELFF,YLQPRTFLL,-0.6150453090667725,23,1
36,CAASMGGGSQGNLIF,CASSDSDGTTDTQYF,YLQPRTFLL,-9.475664138793945,1,1
37,CAMKGNTGGFKTIF,CASSLDIEAFF,YLQPRTFLL,-0.0015092623652890325,51,1
38,CAVIAGKSTF,CASQELDTGELFF,YLQPRTFLL,-0.0008938644314184785,53,1
39,CAVTRDDKIIF,CATGGDHNTGELFF,YLQPRTFLL,-0.004768191371113062,47,1
40,CAARDGTYNNNDMRF,CATTDLDSGELFF,YLQPRTFLL,-0.9899702668190002,22,1
41,CAEDNNPRLMF,CATSDLQRGNTGELFF,YLQPRTFLL,-0.07325953245162964,34,1
42,CAASMGTDYKLSF,CSARGSSQWETQYF,YLQPRTFLL,-3.641618251800537,13,1
43,CAGNYGGSQGNLIF,CASGEANTGELFF,YLQPRTFLL,-0.02370900847017765,39,1
44,CVVNGKDSSYKLIF,CAWQVMNTGELFF,YLQPRTFLL,-0.009933345951139927,44,1
45,CAMRDGGGSQGNLIF,CASSVSPNEQFF,YLQPRTFLL,-7.833640098571777,2,1
46,CAVEGSSGSARQLTF,CAWSGFANTGELFF,YLQPRTFLL,-1.985187292098999,18,1
47,CAASGSQGNLIF,CASSTRTEGTEAFF,YLQPRTFLL,-4.971302032470703,8,1
48,CAGAGNTGKLIF,CASSPDIEAFF,YLQPRTFLL,-0.00116512191016227,52,1
49,CALNDYKLSF,CSARDHGATNTGELFF,YLQPRTFLL,-0.24342793226242065,28,1
50,CAMREGNNYGQNFVF,CASSLASSTAYGYTF,YLQPRTFLL,-4.892004013061523,9,1
51,CAGGGSQGNLIF,CASSDLDTGELFF,YLQPRTFLL,-0.3235434889793396,26,1
52,CAVKPGTASKLTF,CALSDQNTGELFF,YLQPRTFLL,-0.026722274720668793,38,1
53,CATADFTSGTYKYIF,CSARDSMAQNTGELFF,YLQPRTFLL,-0.1617814302444458,31,1
0,CALEDGNEKLTF,CASKSEKGAGGSPLHF,SLFNTVATLY,-20.949201583862305,3,1
1,CALSGGRGGDDKIIF,CASSARTGVGYGYTF,SLFNTVATLY,-20.946895599365234,4,1
2,CAVPDDAGNMLTF,CASSIVQGSNQPQHF,SLFNTVATLY,-22.017086029052734,2,1
3,CAVAFGNQFYF,CASSSTGGGEKDQPQHF,SLFNTVATLY,-20.205249786376953,6,1
4,CAVNESGGGADGLTF,CASSTDRAAQPQHF,SLFNTVATLY,-22.628761291503906,1,1
5,CAAALYNNAGNMLTF,CASRASATQYF,SLFNTVATLY,-20.39663314819336,5,1
6,CAENMGGGSQGNLIF,CASSLETANTEAFF,SLFNTVATLY,-25.808258056640625,0,1
0,CAASVGSNNNDMRF,CASSLGFGGREAYEQYF,RMFPNAPYL,-7.107498645782471,1,1
1,CAENRCSTLTF,CASSLGQGVAEQYF,RMFPNAPYL,-12.68428897857666,0,1
0,CAASETSYDKVIF,CASSQVGTGVHEQFF,TLLFLMSFT,-40.93082809448242,1,1
1,CAVKTHKLSF,CASSIGPNTGELFF,TLLFLMSFT,-42.44805145263672,0,1
0,CIVRVANTDKLIF,CASSLNGGTEAFF,LLYDANYFL,-31.745986938476562,5,1
1,CAGAGGGSQGNLIF,CASSLGSTEAFF,LLYDANYFL,-40.28691864013672,1,1
2,CAGGGSQGNLIF,CASSITDRVHAGANVLTF,LLYDANYFL,-37.74193572998047,3,1
3,CVVNKGNDMRF,CASSLGAGGTEAFF,LLYDANYFL,-39.41966247558594,2,1
4,CLVAFKDYKLSF,CASSFGGSTEAFF,LLYDANYFL,-32.0435791015625,4,1
5,CAAPGGGGSQGNLIF,CASSRQGSQPQHF,LLYDANYFL,-42.81193542480469,0,1
6,CVVNGKTGNQFYF,CASSGPRGVGETQYF,LLYDANYFL,-31.39780616760254,6,1
0,CAVLRRQLTF,CSVGSRGTNEKLFF,GLCTLVAML,-0.002039011102169752,57,1
1,CVVNRGDGLTF,CASSQSPGGTQYF,GLCTLVAML,-2.0504534244537354,29,1
2,CATDAADDYKLSF,CASSQDSSGGLGEQFF,GLCTLVAML,-2.1515588760375977,28,1
3,CAVRTRNSGNTPLVF,CASSHQGPPTDGYTF,GLCTLVAML,-4.654197692871094,18,1
4,CALVYAGTASKLTF,CSARDRVGNTIYF,GLCTLVAML,-0.0014219959266483784,63,1
5,CLVARGSARQLTF,CSARIGVGNTIYF,GLCTLVAML,-0.002536538988351822,53,1
6,CAASETSYDKVIF,CSVGTGGTNEKLFF,GLCTLVAML,-0.00118935015052557,65,1
7,CVVNNPDSGYALNF,CSARDQTGNTIYF,GLCTLVAML,-0.25617358088493347,38,1
8,CVVNMPGYSTLTF,CSARDPYRASNQPQHF,GLCTLVAML,-3.0987629890441895,26,1
9,CVVNGGDSSYKLIF,CASSSGLVSNTGELFF,GLCTLVAML,-0.0015840025153011084,60,1
10,CAASAGWFAEYGNKLVF,CASSPPGLVGGELFF,GLCTLVAML,-4.953816890716553,13,1
11,CAMREGLVPYNNNDMRF,CASSPGQLSNTGELFF,GLCTLVAML,-1.1900477409362793,36,1
12,CAYRESPDKLIF,CSSQEGGYGYTF,GLCTLVAML,-5.58837366104126,7,1
13,CAENYGGSQGNLIF,CASSPGPGWVRTDTQYF,GLCTLVAML,-5.167067527770996,11,1
14,CAAPYSGGSNYKLTF,CASSSTGGGEKDQPQHF,GLCTLVAML,-4.7690229415893555,15,1
15,CAGATGNTGKLIF,CSARIYGGGEVGNTIYF,GLCTLVAML,-0.46522408723831177,37,1
16,CAVSRTSGSRLTF,CSVGSGGTNEKLFF,GLCTLVAML,-0.04375045374035835,39,1
17,CAVNNARLMF,CASSEGRVLPGELFF,GLCTLVAML,-0.0022374605759978294,55,1
18,CAVIRGGNTPLVF,CASSAGTSGQETQYF,GLCTLVAML,-5.217288970947266,9,1
19,CAYRTSILSNFGNEKLTF,CSARDATGNGYTF,GLCTLVAML,-0.0016168121946975589,59,1
20,CAYRSAELVNDMRF,CASSVVGGNEQFF,GLCTLVAML,-1.786367416381836,31,1
21,CAAREEGDARLMF,CASSVAGGDEQFF,GLCTLVAML,-1.6205095052719116,32,1
22,CLSTDKLIF,CSARTGVGNTIYF,GLCTLVAML,-0.0019080264028161764,58,1
23,CAVSGGSNDMRF,CASSSRQSEADTQYF,GLCTLVAML,-5.1835126876831055,10,1
24,CAVGGTGKLIF,CSVGSQGTNEKLFF,GLCTLVAML,-0.0026465486735105515,51,1
25,CAVNILGNTGFQKLVF,CSARDGTGNGYTF,GLCTLVAML,-0.0014524173457175493,61,1
26,CAVRDDTGGFKTIF,CASSEGQVLPGEQYF,GLCTLVAML,-0.0013932917499914765,64,1
27,CAVNGFGNEKLTF,CASSSLSGGYTF,GLCTLVAML,-5.647695541381836,6,1
28,CAVSGNYKLTF,CSARVGVGNTIYF,GLCTLVAML,-0.003199132392182946,50,1
29,CAYSPAAGGTSYGKLTF,CASSLGVAGTNTGELFF,GLCTLVAML,-5.728074550628662,4,1
30,CAGANGSSNTGKLIF,CASSLSGGINEQFF,GLCTLVAML,-8.084317207336426,1,1
31,CAVSSDKIIF,CASSAGRVLPGEQYF,GLCTLVAML,-0.0021345613058656454,56,1
32,CAVSPMEYGNKLVF,CASSRLGDYTF,GLCTLVAML,-3.5367727279663086,25,1
33,CVAFSGGYNKLIF,CASSTDRAAQPQHF,GLCTLVAML,-5.459660053253174,8,1
34,CASDNNARLMF,CSARDSTGNGYTF,GLCTLVAML,-0.0049211857840418816,45,1
35,CAVEDTGGFKTIF,CSAEPGTSGGLQYF,GLCTLVAML,-4.4786272048950195,21,1
36,CARNTGNQFYF,CASSQSPGGTQYF,GLCTLVAML,-0.004769502207636833,46,1
37,CAYRISLNNNDMRF,CSARGLVESSYNEQFF,GLCTLVAML,-4.407196044921875,22,1
38,CATDAGGYQKVTF,CASSPVSGSSYEQYF,GLCTLVAML,-4.575983047485352,19,1
39,CAVRAYYGGSQGNLIF,CASSEGGFTFYNEQFF,GLCTLVAML,-4.68928337097168,17,1
40,CAATGGSQGNLIF,CASSSGGGAPSGNTIYF,GLCTLVAML,-5.723598480224609,5,1
41,CAVRLEGSQGNLIF,CASSYWVGDTDTQYF,GLCTLVAML,-5.085559368133545,12,1
42,CARGRGQNFVF,CASSQSPGGTQYF,GLCTLVAML,-0.009032070636749268,43,1
43,CVVSEWNDMRF,CASSVAGGDEQFF,GLCTLVAML,-1.91478431224823,30,1
44,CAGAVGSSNTGKLIF,CASSQSPGGTQYF,GLCTLVAML,-0.02655693143606186,40,1
45,CAVNGNARLMF,CASSAPDKAPNEQYF,GLCTLVAML,-4.514734745025635,20,1
46,CAVGNSGGYQKVTF,CSERGQGDEQYF,GLCTLVAML,-4.300618648529053,23,1
47,CVVNRDSSYKLIF,CSARPQPVGNTIYF,GLCTLVAML,-0.0014381182845681906,62,1
48,CAKSASKIIF,CASSLAEQGGELFF,GLCTLVAML,-3.8322718143463135,24,1
49,CAMRHSGGYQKVTF,CASSYAYDGSYEQYF,GLCTLVAML,-4.7074360847473145,16,1
50,CAVTGNMLTF,CASAGPGQVYEQYF,GLCTLVAML,-4.822864055633545,14,1
51,CAEEMDSSYKLIF,CSAWTGTEAFF,GLCTLVAML,-2.9840126037597656,27,1
52,CVVNDGNDMRF,CASSFSSGTTDTQYF,GLCTLVAML,-8.131840705871582,0,1
53,CATENSGGSNYKLTF,CASSQSPGGMQYF,GLCTLVAML,-0.02516896277666092,41,1
54,CALSEVDSNYQLIW,CASGGSSYQETQYF,GLCTLVAML,-6.190678119659424,3,1
55,CALSGGGSYIPTF,CSVGSGGTNEKLFF,GLCTLVAML,-0.004141788464039564,48,1
56,CAGTDGGSQGNLIF,CASSGVQLLPGELFF,GLCTLVAML,-0.010847404599189758,42,1
57,CAVQALYGQNFVF,CASSQSPGGVAFF,GLCTLVAML,-1.2281079292297363,35,1
58,CAFTSGTYKYIF,CSARDSTGNGYTF,GLCTLVAML,-0.004557173233479261,47,1
59,CAADYSGAGSYQLTF,CASSQSPGGTQYF,GLCTLVAML,-0.0066335806623101234,44,1
60,CAMRELTSGTYKYIF,CSARDGTGNGYTF,GLCTLVAML,-0.0011324881343171,66,1
61,CAMSGGKLIF,CASSHSGQSFYNEQFF,GLCTLVAML,-1.5121901035308838,33,1
62,CAARTGNQFYF,CASSEGQVSPGELFF,GLCTLVAML,-0.0026442294474691153,52,1
63,CAAGYSSASKIIF,CASSPLAGVSDTQYF,GLCTLVAML,-1.2286885976791382,34,1
64,CAGGGSQGNLIF,CASSVEGVGTSTDTQYF,GLCTLVAML,-7.927950382232666,2,1
65,CALNPTGGGNKLTF,CSARDSTGNGYTF,GLCTLVAML,-0.0023262007161974907,54,1
66,CAAKGTSYDKVIF,CSARDSTGNGYTF,GLCTLVAML,-0.0032475548796355724,49,1
0,CDPPNAGKSTF,CASSVAGTGGLFYTF,ALWEIQQVV,-37.20454406738281,6,1
1,CAAMETSYDKVIF,CASSEDPASYEQYF,ALWEIQQVV,-38.37274169921875,4,1
2,CAFMVNAGGTSYGKLTF,CASSLVSGELFF,ALWEIQQVV,-41.86922836303711,1,1
3,CALSGPNTGNQFYF,CASREGQHDEKLFF,ALWEIQQVV,-39.29664993286133,3,1
4,CAVNNARLMF,CASSAQEGRIEMNTEAFF,ALWEIQQVV,-38.184783935546875,5,1
5,CAVTVSNDYKLSF,CAISESWTSGIGREETQYF,ALWEIQQVV,-39.419944763183594,2,1
6,CAGNYGGSQGNLIF,CASSMVVHEQFF,ALWEIQQVV,-44.41400146484375,0,1
0,CAEIHYGGSQGNLIF,CASSQGAGGLVFYEQYF,RLCAYCCNI,-35.46669387817383,0,1
0,CAVSEGSNFGNEKLTF,CASSLGPAGAHNEQFF,FVAAIFYLI,-23.01621437072754,0,1
0,CAADTLLNAGGTSYGKLTF,CASSTDRAAQPQHF,FLASKIGRLV,-6.907898426055908,1,1
1,CAVVDQAGTALIF,CASSLGQDGYTF,FLASKIGRLV,-5.942032337188721,3,1
2,CAGADGGSQGNLIF,CASSFRAPFDSPLHF,FLASKIGRLV,-11.215678215026855,0,1
3,CAGDDQGGKLIF,CASSTRTSGNSYNEQFF,FLASKIGRLV,-6.439934253692627,2,1
0,CAEDLQKLVF,CASSLTGGGYEQYF,LLFNKVTLA,-12.099637985229492,0,1
0,CAVTRDDKIIF,CASSTTFSGGWSEQFF,HLMSFPQSA,-18.50477409362793,0,1
1,CAVAKDLQNSGGGADGLTF,CASSSGQGFFYEQYF,HLMSFPQSA,-16.736799240112305,1,1
0,CAGAPRTSGTYKYIF,CASSVGRLAGGAETQYF,YLNTLTLAV,-11.391738891601562,0,1
0,CAVSWDTGFQKLVF,CASSSGLAGHSSYNEQFF,ILGFVFTLT,-12.622647285461426,0,1
1,CAAGGSQGNLIF,CASSSQSTGTAGVYEQYF,ILGFVFTLT,-12.134810447692871,1,1
0,CALSEATESTGNQFYF,CASSYPSGTEAFF,KLQFTSLEI,-10.899755477905273,0,1
0,CAEDRNARLMF,CASSENGEGSKNIQYF,CLEASFNYL,-30.883743286132812,0,1
0,CAENEGGGSQGNLIF,CASSYQGGNYGYTF,FLYALALLL,-0.4501214921474457,7,1
1,CAGASGGSQGNLIF,CASSPQGGNYGYTF,FLYALALLL,-1.4980076551437378,3,1
2,CVVFKAAGNKLTF,CASSQGTGQETQYF,FLYALALLL,-8.019417762756348,2,1
3,CAASFTNFGNEKLTF,CASRGEKAYEQYF,FLYALALLL,-8.85632610321045,1,1
4,CVVNKDDKIIF,CASSPLGGYYGYTF,FLYALALLL,-12.975666046142578,0,1
5,CALTPGAAGNKLTF,CASSRQGGNYGYTF,FLYALALLL,-0.9817880988121033,5,1
6,CAGPYNQGGKLIF,CASSPQGGNYGYTF,FLYALALLL,-0.5323646664619446,6,1
7,CAVEHNTDKLIF,CASSWQGGNGYTF,FLYALALLL,-1.4361555576324463,4,1
0,CAAENNNDMRF,CASSFRGPNLYTEAFF,KLQCVDLHV,-24.905929565429688,0,1
0,CAGAGSQGNLIF,CASSSKIERDSGNTIYF,IMDQVPFSV,-9.585789680480957,0,1
0,CAGAVGSSNTGKLIF,CASSSGGGNEQFF,NLNCCSVPV,-8.186427116394043,0,1
0,CAATDNTDKLIF,CASSYAIAGNLDEQFF,KVYPIILRL,-7.247481346130371,1,1
1,CAEEHDRMYSGGGADGLTF,CASSVSGGRTGELFF,KVYPIILRL,-7.3229780197143555,0,1
0,CVPRDTGRRALTF,CASSRGGGSYNEQFF,KQLSSNFGA,-27.25942611694336,0,1
0,CAGGGSGNTGKLIF,CSASSTHSNQPQHF,KQIYKTPPI,-9.869988441467285,0,1
0,CAVTRISSGSARQLTF,CASSTYRQGYNEQFF,TLIGDCATV,-14.938241004943848,0,1
0,CAYRSAQETSGSRLTF,CASTEDQSGNTQYF,VLNDILSRL,-12.51767349243164,0,1
0,CAGGAQKLVF,CASPRSTGELFF,GLALYYPSA,-22.835201263427734,0,1
0,CATDDLGLTTDSWGKFQF,CASSVGGGYYEQYF,FLPRVFSAV,-10.746559143066406,1,1
1,CAVNVRGKLIF,CSADREGSSNQPQHF,FLPRVFSAV,-10.298737525939941,3,1
2,CGTTNRDDKIIF,CASSQADRGLVNTEAFF,FLPRVFSAV,-10.534503936767578,2,1
3,CGTAPTSYNQGGKLIF,CSVEGSGGTQYF,FLPRVFSAV,-11.352014541625977,0,1
0,CAGQRGKLIF,CASSQISGTGGEQYF,NLIDSYFVV,-22.15258026123047,0,1
0,CAHNAGGTSYGKLTF,CSATPSLGPEQPQHF,LPDDFMGCV,-11.460865020751953,0,1
0,CVVTDDKIIF,CASSIGRSPQHF,WLDMVDTSL,-30.931949615478516,0,1
1,CAVTRNNDMRF,CASSYTGTEQYF,WLDMVDTSL,-26.795717239379883,1,1
0,CLVVGDNYGQNFVF,CASSLTGGDTQYF,LLFGYPVYV,-5.200677394866943,1,1
1,CILNRDDKIIF,CASSPRQVNYNEQFF,LLFGYPVYV,-8.71178913116455,0,1
2,CAGPRYAQGAQKLVF,CASSQGTSFFEQFF,LLFGYPVYV,-4.172968864440918,3,1
3,CAGHLRKTSYDKVIF,CASSRKTGANEQFF,LLFGYPVYV,-5.076180934906006,2,1
0,CAISTGNQFYF,CASSTDREGITPQHF,ALSKGVHFV,-5.176961421966553,2,1
1,CAVVRGSMDSNYQLIW,CASSIVPWDTQYF,ALSKGVHFV,-12.659295082092285,1,1
2,CAENLGGGSQGNLIF,CASSQKLAGDNEQFF,ALSKGVHFV,-12.732137680053711,0,1
0,CAFMKGAGGTSYGKLTF,CATSDWSGNEQFF,FLPGVYSVI,-16.486600875854492,0,1
0,CATEGNSGYSTLTF,CASSLQGVQNEQFF,YVWKSYVHV,-12.51669692993164,0,1
0,CAVNRDDKIIF,CASSDGHEQYF,KLVAMGINAV,-9.306760787963867,0,1
1,CAVSDYGGSQGNLIF,CASSAGDTEAFF,KLVAMGINAV,-7.382656097412109,1,1
2,CAYRGPLDNYGQNFVF,CASKVSGTGVIPPLHF,KLVAMGINAV,-5.111947059631348,2,1
0,CLVGDSYSSASKIIF,CASSPRSYEQYF,KLFIRQEEV,-11.8687162399292,0,1
0,CAENRYSTLTF,CASSRGQPDEAFF,KLPDDFMGC,-13.679765701293945,0,1
0,CAVGEDSSYKLIF,CASSELPAGGTNEQFF,RLARLALVL,-10.009523391723633,1,1
1,CAGGGGADGLTF,CASSYMGPEAFF,RLARLALVL,-13.882838249206543,0,1
0,CALPSGGTSYGKLTF,CASSLSFGTEAFF,AAGIGILTV,-8.224191665649414,1,1
1,CAMSGDGGSQGNLIF,CASSLSFGTEAFF,AAGIGILTV,-10.220056533813477,0,1
0,CAYSPAAGGTSYGKLTF,CASRPEAGNPVVTEFF,LLLEWLAMA,-10.409102439880371,0,1
0,CAGGGDGGSQGNLIF,CAISESTAGPYYEQYF,LMWLSYFIA,-27.34100341796875,0,1
0,CILSNNNDMCF,CASRRSLQGARGGYTF,TALALLLLD,-24.25368881225586,0,1
0,CAGRPEVDSQGNLIF,CASSPRDRTGGYTF,MLDLQPETT,-7.412712574005127,0,1
0,CALSEAGTGNQFYF,CASSLQGTGYGYTF,KLWAQCVQL,-4.757796287536621,0,1
0,CALSGYSTLTF,CASSQLMSRDEQFF,KLKDCVMYA,-11.572854042053223,0,1
0,CLVARGGSYIPTF,CASSQNYEQYF,ALDPHSGHFV,-11.253785133361816,0,1
0,CALPGSSNTGKLIF,CASSRTGTSYEQYF,LLDFVRFMGV,-9.192549705505371,0,1
1,CATEGAYSGAGSYQLTF,CASSLNPRLTRTDTQYF,LLDFVRFMGV,-6.855146408081055,1,1
2,CALSGNKLVF,CASSPRDRERGEQYF,LLDFVRFMGV,-6.246942043304443,3,1
3,CAFIEVDRDDKIIF,CASSVGTGDHQPQHF,LLDFVRFMGV,-6.4785637855529785,2,1
0,CAVNRDDKIIF,CASTGSAGGSYGYTF,QVVSDIDYV,-37.29772186279297,0,1
0,CAVSPDKLIF,CASSPGGVRVQPQHF,FTVLCLTPV,-13.23194408416748,0,1
0,CAGGGSQGNLIF,CASSLAGVIETQYF,LIDFYLCFL,-17.35550880432129,0,1
0,CAVRDIDTNAGKSTF,CAISESNGLYPDTEAFF,FLNRFTTTL,-8.417922019958496,0,1
1,CAVRSWSTDKLIF,CASSLGGTSTAETQYF,FLNRFTTTL,-7.49544095993042,1,1
0,CAVSGRGSTLGRLYF,CASSESPMGTGEETQYF,YIDIGDYTV,-26.690288543701172,1,1
1,CVVNNNNDMRF,CSARAGSTYEQYF,YIDIGDYTV,-26.770374298095703,0,1
0,CAGPGTSYDKVIF,CASSLAMTEAFF,RLGPVQNEV,-10.118600845336914,1,1
1,CAVNIDNNDMRF,CASRTPTRNTEAFF,RLGPVQNEV,-11.566104888916016,0,1
0,CAGGLENAGGTSYGKLTF,CAISEGSGSLIYEQYF,IKLDDKDPQ,-25.10782241821289,0,1
0,CVVNYPAGDYKLSF,CASSLGGGAYEQYF,ALYGFVPVL,-8.917553901672363,1,1
1,CAENAPLGRRALTF,CATSDPGTTNTGELFF,ALYGFVPVL,-8.947463035583496,0,1
0,CAVHSYNTDKLIF,CAWMKQGTSTYEQYF,FLHVTYVPA,-23.010835647583008,0,1
1,CAVQGSQGNLIF,CASSPEGRRMGPTNEKLFF,FLHVTYVPA,-21.861103057861328,1,1
2,CAVTDNNNNDMRF,CASSRTGELFF,FLHVTYVPA,-21.535900115966797,2,1
0,CAGAGSQGNLIF,CASSRDTVNTEAFF,KMDYFSGQL,-38.95246887207031,0,1
0,CAENSHPRGGGSQGNLIF,CSVEDLGAGVSNEQFF,RLPGVLPRA,-5.915286064147949,2,1
1,CAGGGSQGNLIF,CASSISSTGELFF,RLPGVLPRA,-12.691513061523438,0,1
2,CALRVMNRDDKIIF,CASSLVAGTDGYTF,RLPGVLPRA,-5.4218597412109375,3,1
3,CALSGSDYKLSF,CASSQGQEKETQYF,RLPGVLPRA,-5.265825271606445,5,1
4,CAGNYGGSQGNLIF,CASSLTGETEKLFF,RLPGVLPRA,-6.037281036376953,1,1
5,CAADNYGGSQGNLIF,CASSSGLAGASNEQFF,RLPGVLPRA,-5.325232982635498,4,1
0,CVGAGSYQLTF,CASSWTSPYTTDTQYF,YVDNSSLTI,-13.49315357208252,0,1
0,CAGPMKTSYDKVIF,CASSQVTGSSYNEQFF,DQVILLNKH,-28.877323150634766,0,1
0,CAPMDSNYQLIW,CASSIGFGQGVSTEAFF,TMCDIRQLL,-36.97871780395508,0,1
0,CAGYYGQNFVF,CASSEDTGELFF,YLLEMLWRL,-9.723539352416992,0,1
0,CAVESGNTGKLIF,CASSWDRVLYEQYF,SLLMWITQV,-6.179025173187256,0,1
0,CAGGAGTALIF,CASSWTEGTETQYF,FLCLFLLPS,-13.712200164794922,0,1
0,CAFMIGAGGTSYGKLTF,CASSDQLLEEWSSYNEQFF,DRLNQLESK,-41.774803161621094,0,1
0,CGADGSNDYKLSF,CASLRLEEETQYF,FVVFLLVTL,-21.71038055419922,0,1
0,CAVQAGSNYQLIW,CAWSEGLAGSRLPNNEQFF,SMWALVISV,-15.635618209838867,0,1
0,CAVPGSQGNLIF,CASSPSAGRGLGYTF,YLNSTNVTI,-35.36909484863281,0,1
0,CAGNAGGTSYGKLTF,CASTGGPEGNQPQHF,SLLSVLLSM,-16.367586135864258,0,1
0,CAVNSGYSTLTF,CASILRAESSYNEQFF,FLLPSLATV,-17.277116775512695,0,1
0,CATEGNSGYSTLTF,CASSLDPGVASYNSPLHF,IMLCCMTSC,-10.582839965820312,0,1
0,CAVGTAWRSGGGADGLTF,CASSQDGTAPYNEQFF,YADVFHLYL,-10.156452178955078,0,1
0,CAANYGGSQGNLIF,CGWPGQTNTGELFF,RLFARTRSM,-23.835538864135742,0,1
0,CAADYTGNQFYF,CASSQGYEQYF,KLFEFLVYGV,-6.299866199493408,0,1
0,CATSPPLTQGGSEKLVF,CASSSEEDISGNTIYF,VLWAHGFEL,-9.524709701538086,0,1
0,CAGGLGGGSQGNLIF,CASSLGPADTQYF,DLFMRIFTI,-35.91584014892578,0,1
0,CAATYTGNQFYF,CASSLGTSGYNEQFF,AVIKTLQPV,-38.437686920166016,0,1
0,CAVQAGGNKLTF,CASSSPSGLAGQETQYF,RTLNAWVKV,-5.818776607513428,3,1
1,CAENNGGGSQGNLIF,CASSVHSTSGDQETQYF,RTLNAWVKV,-9.482598304748535,0,1
2,CILREFYNDMRF,CASSPSSGAVDEQFF,RTLNAWVKV,-5.775413990020752,4,1
3,CAAKEGYSTLTF,CASSLDRTSSPLHF,RTLNAWVKV,-5.50040864944458,5,1
4,CAVRLLPHNNARLMF,CASSFEGEQYF,RTLNAWVKV,-7.58588981628418,2,1
5,CAGAGSQGNLIF,CASSQDLVSQPQHF,RTLNAWVKV,-8.445722579956055,1,1
6,CALSEAGKTSYDKVIF,CASSTVGSSGNTIYF,RTLNAWVKV,-5.494177341461182,6,1
0,CAVNPGWGGSNYKLTF,CSVEVAGHDEQYF,YLNDHLEPWI,-10.270318984985352,1,1
1,CIVRSPQGSNYKLTF,CASSQASGGSTNTGELFF,YLNDHLEPWI,-10.39431095123291,0,1
0,CAVNILGAGSYQLTF,CASSLVGLSYNEQFF,VMVELVAEL,-8.905354499816895,1,1
1,CAGPTNAGKSTF,CASSTTGGEEQFF,VMVELVAEL,-7.75239896774292,2,1
2,CVVNGADKLIF,CASSDTGYDSPLHF,VMVELVAEL,-13.502490997314453,0,1
0,CAFMKGAGGTSYGKLTF,CASSSAGTPTEQFF,SLINTLNDL,-23.806528091430664,0,1
0,CASGGSQGNLIF,CASSLAQINYEQYF,KSVNITFEL,-9.738483428955078,0,1
1,CARTGGSYIPTF,CATIRRLAGGISTDTQYF,KSVNITFEL,-7.632387638092041,2,1
2,CAVEAAAGNKLTF,CASSSIWTSVNEQFF,KSVNITFEL,-9.042845726013184,1,1
0,CALSEAGPDKLIF,CASRGLGRADTQYF,AIFYLITPV,-9.058046340942383,0,1
0,CAVPPEGGYNKLIF,CASSFAPQGGYEQYF,LMGHFAWWT,-39.732505798339844,0,1
0,CVVRAEAAGNKLTF,CSAPWTGQRINEKLFF,KDNVILLNK,-22.28171157836914,0,1
0,CVVNGADKLIF,CASSQGWDEQFF,RTIKVFTTV,-24.586585998535156,0,1
0,CATEGNSGYSTLTF,CASSTSSSWTQYF,QMAPISAMV,-30.358562469482422,0,1
0,CAGEGGGSQGNLIF,CASSQDLLAQSNTEAFF,YMPYFFTLL,-10.931568145751953,0,1
1,CAVRYDYGQNFVF,CASSLEPAGGPGEQYF,YMPYFFTLL,-10.739779472351074,1,1
0,CAMSGDGGSQGNLIF,CASSLGQGDGGYTF,SACVLAAEC,-39.02255630493164,0,1
0,CAMSASNFGNEKLTF,CASSEEGGLSNEKLFF,YTVSCLPFT,-34.85748291015625,0,1
0,CATDATSDKLIF,CASTVFQGSTNEQFF,FLIGCNYLG,-32.84534454345703,0,1
0,CAASGSGGTSYGKLTF,CASSEWTGNTEAFF,SLENVAFNV,-30.502714157104492,0,1
0,CAVKGSQGNLIF,CASSYSQGGSYGYTF,SLPGVFCGV,-13.800682067871094,0,1
0,CAVPKGSQGNLIF,CSASGTGSYEQYF,KLNIKLLGV,-20.229345321655273,0,1
0,CAGGASKIIF,CSLSGGQHNEQFF,WLTNIFGTV,-34.17188262939453,0,1
0,CAITYGGSQGNLIF,CASSFSPVYGYTF,LITGRLQSL,-10.698296546936035,0,1
0,CIPYSFDSGGGADGLTF,CASSYLAGGPTDTQYF,MMILSDDAV,-18.456478118896484,1,1
1,CALMGNAGGTSYGKLTF,CASSLSAAYEQYF,MMILSDDAV,-24.091434478759766,0,1
0,CAVDPMDTGRRALTF,CASSLAPDNSNQPQHF,KLNEEIAII,-9.403661727905273,0,1
0,CAVRDSNYQLIW,CASSQELAGGGNEQFF,NLHPDSATL,-35.027740478515625,0,1
0,CVVNIPAGNTPLVF,CASSSQGLTKDEQYF,SWMESEFRV,-24.437602996826172,0,1
0,CAATGGGSQGNLIF,CASSEQVGGTEAFF,KLSYGIATV,-11.018373489379883,0,1
1,CATDATSDKLIF,CASSLPDPYEQYF,KLSYGIATV,-8.29454231262207,1,1
0,CALPSGGTSYGKLTF,CASSLSFGTEAFF,EAAGIGILTV,-8.224191665649414,1,1
1,CAMSGDGGSQGNLIF,CASSLSFGTEAFF,EAAGIGILTV,-10.220056533813477,0,1
2,CAVDGGDYKLSF,CASSYLGMGQPQHF,EAAGIGILTV,-2.1301186084747314,2,1
3,CAGAGSQGNLIF,CASSQQGLGQPQHF,EAAGIGILTV,-2.0829262733459473,3,1
0,CAANYGGSQGNLIF,CASSFSLQYEQYF,ALLPGLPAA,-13.60175609588623,0,1
0,CALDMGGGSQGNLIF,CASTSGNTGELFF,CVNGSCFTV,-10.565919876098633,1,1
1,CAGGGSQGNLIF,CASSNSEGSGANVLTF,CVNGSCFTV,-11.283617973327637,0,1
0,CAVNIGGGSQGNLIF,CASSQDSPRAGFSDTQYF,ALYYPSARI,-31.608848571777344,0,1
0,CAESLDMLTF,CASSPTGDREQYF,CLAVHECFV,-9.368387222290039,0,1
1,CAFMKLAGANSKLTF,CASSENTGSNQPQHF,CLAVHECFV,-8.918212890625,1,1
0,CAGAGSQGNLIF,CASSFWDWDEAFF,SVLYYQNNV,-13.460826873779297,0,1
0,CALTPLIIQGAQKLVF,CASSSPRSSRDTDTQYF,VLLGVKLFGV,-12.359626770019531,0,1
0,CADIPNSGNTPLVF,CASSYGTGNQPQHF,ILAYCNKTV,-19.35943603515625,0,1
0,CAMSGDGGSQGNLIF,CAAIGGPNTDTQYF,MQVESDDYI,-25.679229736328125,0,1
0,CAVTDGGSQGNLIF,CASSRGASPSQETQYF,FLNGSCGSV,-8.775604248046875,0,1
0,CAESINQGGKLIF,CASSPAGLAITGELFF,FLAHIQWMV,-10.094983100891113,0,1
0,CAFMKGAGGTSYGKLTF,CASSEGLWQVGDEQYF,HMTEVVRHC,-12.0589017868042,0,1
0,CAATYSGGGADGLTF,CASRLSGSAYEQYF,KVLEYVIKV,-7.882023811340332,0,1
1,CALSGETSGSRLTF,CASSLGILGGSLEPQHF,KVLEYVIKV,-7.550339221954346,1,1
0,CVNMDSNYQLIW,CASSLGPDTQYF,FLLNKEMYL,-11.097044944763184,0,1
1,CAVTKGLTGGGNKLTF,CASSLSGGSDEQFF,FLLNKEMYL,-7.033570766448975,1,1
0,CSNYKLTF,CASSSGTGVDYEQYF,RIMTWLDMV,-11.760560989379883,0,1
1,CAVEVYSGGGADGLTF,CASSQDLLAGDSYEQYF,RIMTWLDMV,-11.622438430786133,1,1
0,CATDAGNDMRF,CSPAGGNYNEQFF,SMMILSDDA,-22.100204467773438,0,1
0,CASFDTDKLIF,CASSIAARDYGYTF,AMQTMLFTM,-30.04242706298828,1,1
1,CAASDDKIIF,CASSSLNTEAFF,AMQTMLFTM,-34.113494873046875,0,1
0,CAEYSSAFKIIF,CASSPSGLAGSNLGNEQFF,TLEYMDWLV,-43.71220016479492,0,1
0,CAFMKGAGGTSYGKLTF,CASSPEGVGGGEQYF,KLSALGINAV,-7.223998069763184,0,1
0,CLVGEGGGSQGNLIF,CASSEGLNNEQFF,KIILFLALI,-32.30957794189453,0,1
0,CAMRDPSTGNQFYF,CASSWGLAEFYNEQFF,SLLMPILTL,-14.529041290283203,0,1
0,CAMSGGGGSQGNLIF,CASSQDSWAGGSNEQFF,YLGGMSYYC,-26.52707862854004,0,1
0,CAMSERDGNQFYF,CASSAGTGDSYEQYF,FIAGLIAIV,-9.007678985595703,1,1
1,CAAEINAGGTSYGKLTF,CASSLAAGGSWNEQFF,FIAGLIAIV,-9.974305152893066,0,1
0,CAENPSSGNTPLVF,CASSPSMETQYF,QVILLNKHI,-27.826595306396484,0,1
0,CAVPLTGGGNKLTF,CASSPGRGDSPLHF,YMRSLKVPA,-37.41535949707031,0,1
0,CAEIIYGNNRLAF,CASSLADLLAEKLFF,IQPGQTFSV,-24.39360237121582,0,1
0,CAGAGSQGNLIF,CASSPRDSLYEQYF,RLYLDAYNM,-41.891902923583984,0,1
0,CVVNNNNDMRF,CASRPSRGTNYGYTF,KLYGLDWAEL,-21.653953552246094,0,1
0,CAVTSARLMF,CASSATSNQPQHF,SGGGETALA,-30.620655059814453,0,1
0,CAVNAGGTSYGKLTF,CASKVEVSSNQPQHF,KLPDDFTGCV,-10.620197296142578,0,1
0,CATDAGETSGSRLTF,CASSLLGTEAFF,NVLTLVYKV,-28.97653579711914,0,1
0,CAMRELLISGGYNKLIF,CATSDQHGSSEQFF,MLNPNYEDL,-24.16714096069336,0,1
0,CAGRRGYGQNFVF,CASGFPIYRDKSTDTQYF,LLLTILTSL,-26.057594299316406,0,1
0,CAVNFGGGKLIF,CATSREGAGTEAFF,KLIEYTDFA,-39.62205505371094,0,1
0,CAVRPGYSSASKIIF,CASSLLGYEQYF,ALNTPKDHI,-35.1795654296875,0,1
0,CASYNQGGKLIF,CASSSWTQQETQYF,TLMNVITLV,-13.555378913879395,0,1
0,CADSGGGADGLTF,CASSLGNEKLFF,KTWGQYWQV,-6.208367824554443,0,1
0,CAILQGAQKLVF,CASSLAGQENQPQHF,TILTSLLVL,-22.58025360107422,0,1
0,CAGQLRWQGGSEKLVF,CATSPPEALWEQYF,VFLVLLPLV,-10.822606086730957,0,1
0,CAVQAGIYNQGGKLIF,CASRTSSTGELFF,FLALCADSI,-10.159771919250488,0,1
0,CAESLLSGGYNKLIF,CASSSLAGDEQYF,YGFQPTNGV,-19.2524356842041,0,1
