,Unnamed: 0,CDR3b,CDR3a,peptide,MHC,binder
0,0,CASSIRASYEQYF,CAASGTQTGANNLFF,GILGFVFTL,HLA-A*02:01,1
1,1,CASSIRSTDTQYF,CAGAYGGSQGNLIF,GILGFVFTL,HLA-A*02:01,1
2,2,CASSIRAADTQYF,CAVDTNTDKLIF,GILGFVFTL,HLA-A*02:01,1
3,3,CATSSGTGAYEQYF,CAVSPYGGSQGNLIF,LLWNGPMAV,HLA-A*02:01,1
4,4,CASSDASGSIGEQFF,CAGLGGKLIF,CINGVCWTV,HLA-A*02:01,1
5,5,CASSIRSSYEQYF,CAVRGVTGGGNKLTF,GILGFVFTL,HLA-A*02:01,1
6,6,CASGLVPGGLVYEQYF,CAGAGSQGNLIF,GILGFVFTL,HLA-A*02:01,1
7,7,CASSARSTDTQYF,CVVNGLGGYSTLTF,GILGFVFTL,HLA-A*02:01,1
8,8,CAWSLPGLSYEQYF,CAYSPAAGGTSYGKLTF,ELAGIGILTV,HLA-A*02:01,1
9,9,CASSIFGGQPQHF,CAVGESSASKIIF,GILGFVFTL,HLA-A*02:01,1
10,10,CASSTGQGARETQYF,CAVAKDLQNSGGGADGLTF,WLLWPVTLA,HLA-A*02:01,1
11,11,CAWSISDLAKNIQYF,CAFMKDAGGTSYGKLTF,NLVPMVATV,HLA-A*02:01,1
12,12,CASSQGLLGGELFF,CAVGGTQARLMF,ELAGIGILTV,HLA-A*02:01,1
13,13,CASSEGEAVYNSPLHF,CAEDNNARLMF,GILGFVFTL,HLA-A*02:01,1
14,14,CASSGRSTDTQYF,CALRLEGGSGTYKYIF,GILGFVFTL,HLA-A*02:01,1
15,15,CSAPSYGELFF,CAASSTGAGSYQLTF,YLQPRTFLL,HLA-A*02:01,1
16,16,CASNEQNSNEQFF,CAAPTGFGNEKLTF,YLQPRTFLL,HLA-A*02:01,1
17,17,CASSTRSAYEQYF,CILCFTSGTYKYIF,GILGFVFTL,HLA-A*02:01,1
18,18,CASSSSFGRAGVDESYEQYF,CAYGGSQGNLIF,CINGVCWTV,HLA-A*02:01,1
19,19,CASKSEKGAGGSPLHF,CALEDGNEKLTF,SLFNTVATLY,HLA-A*02:01,1
20,20,CASSLGFGGREAYEQYF,CAASVGSNNNDMRF,RMFPNAPYL,HLA-A*02:01,1
21,21,CASSIRSSYEQYF,CVVNAHDMRF,GILGFVFTL,HLA-A*02:01,1
22,22,CASSRRSSGELFF,CAVPKGSQGNLIF,ELAGIGILTV,HLA-A*02:01,1
23,23,CASSLGAANYNEQFF,CAVGLDRGSTLGRLYF,NLVPMVATV,HLA-A*02:01,1
24,24,CASSQVGTGVHEQFF,CAASETSYDKVIF,TLLFLMSFT,HLA-A*02:01,1
25,25,CASSLGQGVAEQYF,CAENRCSTLTF,RMFPNAPYL,HLA-A*02:01,1
26,26,CASSDRSNTEAFF,CASPGGGADGLTF,GILGFVFTL,HLA-A*02:01,1
27,27,CASSTHGADEQYF,CAVSGSASKIIF,GILGFVFTL,HLA-A*02:01,1
28,28,CASSSKTSRWDEQFF,CAMREIGRGSTLGRLYF,CINGVCWTV,HLA-A*02:01,1
29,29,CASSLNGGTEAFF,CIVRVANTDKLIF,LLYDANYFL,HLA-A*02:01,1
30,30,CASSQEAGGGTGELFF,CAGAGGGSQGNLIF,LLWNGPMAV,HLA-A*02:01,1
31,31,CASSIGPNTGELFF,CAVKTHKLSF,TLLFLMSFT,HLA-A*02:01,1
32,32,CASSIRSSYEQYF,CAAGEKLVF,GILGFVFTL,HLA-A*02:01,1
33,33,CATSRASGSYEQYF,CAFNRDDKIIF,LLWNGPMAV,HLA-A*02:01,1
34,34,CASSEGYIYEQYF,CAYMDSGTYKYIF,NLVPMVATV,HLA-A*02:01,1
35,35,CASSQGGSPLHF,CALSEMNSGNTPLVF,ELAGIGILTV,HLA-A*02:01,1
36,36,CASSTRSSYEQYF,CAMIEWDTGRRALIF,GILGFVFTL,HLA-A*02:01,1
37,37,CASSIRAGETQYF,CAELGQKLLF,GILGFVFTL,HLA-A*02:01,1
38,38,CASSIRSSYEQYF,CAVNDRGSEKLVF,GILGFVFTL,HLA-A*02:01,1
39,39,CSILGSNAGPQETQYF,CAFNRDDKIIF,NLVPMVATV,HLA-A*02:01,1
40,40,CSVGSRGTNEKLFF,CAVLRRQLTF,GLCTLVAML,HLA-A*02:01,1
41,41,CASSVAGTGGLFYTF,CDPPNAGKSTF,ALWEIQQVV,HLA-A*02:01,1
42,42,CASSLTTGGRNEQFF,CATEGLSGYSTLTF,GILGFVFTL,HLA-A*02:01,1
43,43,CASSIRSSYEQYF,CAFSPKSSASKIIF,GILGFVFTL,HLA-A*02:01,1
44,44,CASSPRSTDTQYF,CAGAGSQGNLIF,GILGFVFTL,HLA-A*02:01,1
45,45,CASTTTGTSSYEQYF,CAVRRDGNKLVF,ELAGIGILTV,HLA-A*02:01,1
46,46,CASGLSGDEQYF,CAVSENRDDKIIF,ELAGIGILTV,HLA-A*02:01,1
47,47,CASSPDRNTGELFF,CAYRSLPMDSNYQLIW,YLQPRTFLL,HLA-A*02:01,1
48,48,CASSMRAGETQYF,CAVRSNFGNEKLTF,GILGFVFTL,HLA-A*02:01,1
49,49,CASSQGAGGLVFYEQYF,CAEIHYGGSQGNLIF,RLCAYCCNI,HLA-A*02:01,1
50,50,CASSQSPGGTQYF,CVVNRGDGLTF,GLCTLVAML,HLA-A*02:01,1
51,51,CASSPSAQGNEQYF,CAEKLAGTALIF,ELAGIGILTV,HLA-A*02:01,1
52,52,CASSLGPAGAHNEQFF,CAVSEGSNFGNEKLTF,FVAAIFYLI,HLA-A*02:01,1
53,53,CASSIRSSDEQFF,CAFSNTGNQFYF,GILGFVFTL,HLA-A*02:01,1
54,54,CASSLEIQGSGAFF,CAFMMGAGGTSYGKLTF,NLVPMVATV,HLA-A*02:01,1
55,55,CASSQDSSGGLGEQFF,CATDAADDYKLSF,GLCTLVAML,HLA-A*02:01,1
56,56,CASSLEAGPWGELFF,CAPRMDSSYKLIF,CINGVCWTV,HLA-A*02:01,1
57,57,CASSTDRAAQPQHF,CAADTLLNAGGTSYGKLTF,FLASKIGRLV,HLA-A*02:01,1
58,58,CASSGPGGVDEQYF,CAMRGAINTGTASKLTF,GILGFVFTL,HLA-A*02:01,1
59,59,CASTGSVSTDTQYF,CAVSLYNNNDMRF,NLVPMVATV,HLA-A*02:01,1
60,60,CASSYNPRTEVSNQPQHF,CAVSGNEKLTF,GILGFVFTL,HLA-A*02:01,1
61,61,CASSIRSSYEQYF,CAIMRGADGLTF,GILGFVFTL,HLA-A*02:01,1
62,62,CASSLTGGGYEQYF,CAEDLQKLVF,LLFNKVTLA,HLA-A*02:01,1
63,63,CASSYYSNQPQHF,CAPSAGGGSQGNLIF,GILGFVFTL,HLA-A*02:01,1
64,64,CASSLLVSGVSSTDTQYF,CAEDFNARLMF,GILGFVFTL,HLA-A*02:01,1
65,65,CASSIRSDEKLFF,CAVSGSQGNLIF,GILGFVFTL,HLA-A*02:01,1
66,66,CASSMRSSYEQYF,CALSEARGGATNKLIF,GILGFVFTL,HLA-A*02:01,1
67,67,CASSSRSAYEQYF,CAVNLGGGSQGNLIF,GILGFVFTL,HLA-A*02:01,1
68,68,CASSTTFSGGWSEQFF,CAVTRDDKIIF,HLMSFPQSA,HLA-A*02:01,1
69,69,CASSVGRLAGGAETQYF,CAGAPRTSGTYKYIF,YLNTLTLAV,HLA-A*02:01,1
70,70,CASSIRSSYEQYF,CAALGTGNQFYF,GILGFVFTL,HLA-A*02:01,1
71,71,CASSHQGPPTDGYTF,CAVRTRNSGNTPLVF,GLCTLVAML,HLA-A*02:01,1
72,72,CASSYLRTGSVRYNEQFF,CAAREGGGSQGNLIF,GILGFVFTL,HLA-A*02:01,1
73,73,CASSSGLAGHSSYNEQFF,CAVSWDTGFQKLVF,ILGFVFTLT,HLA-A*02:01,1
74,74,CASSPPSGGNTGELFF,CVVLSGNTGKLIF,YLQPRTFLL,HLA-A*02:01,1
75,75,CASSPRQSNQPQHF,CAVDEGGGSQGNLIF,NLVPMVATV,HLA-A*02:01,1
76,76,CASSTKVGGTGELFF,CAVRDGNNRLAF,GILGFVFTL,HLA-A*02:01,1
77,77,CASSYPSGTEAFF,CALSEATESTGNQFYF,KLQFTSLEI,HLA-A*02:01,1
78,78,CASSQGLAGEVYTGELFF,CVVNREDDMRF,NLVPMVATV,HLA-A*02:01,1
79,79,CASSDDPGFGQPQHF,CAFMKGPGGTSYGKLTF,GILGFVFTL,HLA-A*02:01,1
80,80,CASSIRSSYEQYF,CGTDEAGGSQGNLIF,GILGFVFTL,HLA-A*02:01,1
81,81,CSARDRVGNTIYF,CALVYAGTASKLTF,GLCTLVAML,HLA-A*02:01,1
82,82,CSARIGVGNTIYF,CLVARGSARQLTF,GLCTLVAML,HLA-A*02:01,1
83,83,CSVEKDRNTGELFF,CIFVRNRDDKIIF,YLQPRTFLL,HLA-A*02:01,1
84,84,CASSQGPAAYEQYF,CAGSPSNTGKLIF,LLWNGPMAV,HLA-A*02:01,1
85,85,CASSMYGGSANEQFF,CAEKGGTALIF,GILGFVFTL,HLA-A*02:01,1
86,86,CASSARSSYEQYF,CALSGETSGSRLTF,GILGFVFTL,HLA-A*02:01,1
87,87,CASSTRAGDTQYF,CIELRARF,GILGFVFTL,HLA-A*02:01,1
88,88,CASSENGEGSKNIQYF,CAEDRNARLMF,CLEASFNYL,HLA-A*02:01,1
89,89,CASSSPTSGDYEQYF,CAMREVSMDSNYQLIW,GILGFVFTL,HLA-A*02:01,1
90,90,CASSIRGAETQYF,CAGGGQGGSQGNLIF,GILGFVFTL,HLA-A*02:01,1
91,91,CASSQVAKMAKDNYGYTF,CFNNNDMRF,LLWNGPMAV,HLA-A*02:01,1
92,92,CASSDLNTGELFF,CAMSGDGGSQGNLIF,YLQPRTFLL,HLA-A*02:01,1
93,93,CASSYQGGNYGYTF,CAENEGGGSQGNLIF,FLYALALLL,HLA-A*02:01,1
94,94,CASSARSSYEQYF,CAAASNFGNEKLTF,GILGFVFTL,HLA-A*02:01,1
95,95,CASSFRGPNLYTEAFF,CAAENNNDMRF,KLQCVDLHV,HLA-A*02:01,1
96,96,CASSQPLGLAEKETQYF,CAIALATSGSRLTF,CINGVCWTV,HLA-A*02:01,1
97,97,CASGDLNTGELFF,CAVERAAGNKLTF,YLQPRTFLL,HLA-A*02:01,1
98,98,CASSSKIERDSGNTIYF,CAGAGSQGNLIF,IMDQVPFSV,HLA-A*02:01,1
99,99,CASSLGVEAFF,CAGGGSQGNLIF,ELAGIGILTV,HLA-A*02:01,1
100,100,CASSVRSSYEQYF,CAGADGGSQGNLIF,GILGFVFTL,HLA-A*02:01,1
101,101,CASSIGLYGYTF,CVVEGDKVIF,GILGFVFTL,HLA-A*02:01,1
102,102,CASSIRSQVEQFF,CAVTWQASGGSYIPTF,GILGFVFTL,HLA-A*02:01,1
103,103,CSVGTGGTNEKLFF,CAASETSYDKVIF,GLCTLVAML,HLA-A*02:01,1
104,104,CSARDQTGNTIYF,CVVNNPDSGYALNF,GLCTLVAML,HLA-A*02:01,1
105,105,CASSFSGNTGELFF,CAVTYNNNDMRF,GILGFVFTL,HLA-A*02:01,1
106,106,CASSSGGGNEQFF,CAGAVGSSNTGKLIF,NLNCCSVPV,HLA-A*02:01,1
107,107,CASSIRSGYEQFF,CAALNNARLMF,GILGFVFTL,HLA-A*02:01,1
108,108,CASSYAIAGNLDEQFF,CAATDNTDKLIF,KVYPIILRL,HLA-A*02:01,1
109,109,CASSQEEGAYNSPLHF,CAFMKGAGGTSYGKLTF,ELAGIGILTV,HLA-A*02:01,1
110,110,CASNEENTGELFF,CAYRSLDLSGNTPLVF,YLQPRTFLL,HLA-A*02:01,1
111,111,CASSFGSDYNEQFF,CLVGTPLAGSGGYNKLIF,GILGFVFTL,HLA-A*02:01,1
112,112,CATTGGSGYEQYF,CAVSPIDMDSNYQLIW,LLWNGPMAV,HLA-A*02:01,1
113,113,CASSFLDRGPNTEAFF,CAVNTYSGAGSYQLTF,GILGFVFTL,HLA-A*02:01,1
114,114,CASSRGGGSYNEQFF,CVPRDTGRRALTF,KQLSSNFGA,HLA-A*02:01,1
115,115,CASSARSNQPQHF,CAVNLNEKLTF,GILGFVFTL,HLA-A*02:01,1
116,116,CSASSTHSNQPQHF,CAGGGSGNTGKLIF,KQIYKTPPI,HLA-A*02:01,1
117,117,CASSLFAGAETQYF,CVVNQVPGYALNF,NLVPMVATV,HLA-A*02:01,1
118,118,CASSTYRQGYNEQFF,CAVTRISSGSARQLTF,TLIGDCATV,HLA-A*02:01,1
119,119,CAWVLGPAGDTQYF,CVVNAPSGNTPLVF,GILGFVFTL,HLA-A*02:01,1
120,120,CASTEDQSGNTQYF,CAYRSAQETSGSRLTF,VLNDILSRL,HLA-A*02:01,1
121,121,CASSLLAVGTGGNTEAFF,CAVRDGTANNLFF,NLVPMVATV,HLA-A*02:01,1
122,122,CASSARSSYEQYF,CLVGEEARLMF,GILGFVFTL,HLA-A*02:01,1
123,123,CASSIRSSEPQHF,CVVNRLDDMRF,GILGFVFTL,HLA-A*02:01,1
124,124,CASSYVTGTGSYGYTGF,CIVKVRGTSYGKLTF,NLVPMVATV,HLA-A*02:01,1
125,125,CASSPQGGNYGYTF,CAGASGGSQGNLIF,FLYALALLL,HLA-A*02:01,1
126,126,CASSPSTGTIYGYTF,CVVNGGNDMRF,NLVPMVATV,HLA-A*02:01,1
127,127,CASPRSTGELFF,CAGGAQKLVF,GLALYYPSA,HLA-A*02:01,1
128,128,CASSIGSYGYTF,CAEGGSQGNLIF,GILGFVFTL,HLA-A*02:01,1
129,129,CASSIGLYGYTF,CAPGAGRRALTF,GILGFVFTL,HLA-A*02:01,1
130,130,CASSIRSSYEQYF,CATVPSNTGKLIF,GILGFVFTL,HLA-A*02:01,1
131,131,CASSIRASYEQYF,CAATDRGGSNYKLTF,GILGFVFTL,HLA-A*02:01,1
132,132,CASSDAENTEAFF,CAMSGSNFGNEKLTF,NLVPMVATV,HLA-A*02:01,1
133,133,CASSPGTYEAFF,CVVGYGQFYF,NLVPMVATV,HLA-A*02:01,1
134,134,CASLAGVRTDTQYF,CALSDSGFSDGQKLLF,NLVPMVATV,HLA-A*02:01,1
135,135,CASSAQGANEQFF,CAGNYGGSQGNLIF,CINGVCWTV,HLA-A*02:01,1
136,136,CASSFVSFDEQFF,CARNTGNQFYF,NLVPMVATV,HLA-A*02:01,1
137,137,CASSARSSYEQYF,CAVRFNSGGYQKVTF,GILGFVFTL,HLA-A*02:01,1
138,138,CAWSFLDVTAGTEAFF,CAVQANNARLMF,GILGFVFTL,HLA-A*02:01,1
139,139,CASSDRAGNEQFF,CAVIYSGNTPLVF,GILGFVFTL,HLA-A*02:01,1
140,140,CASSVAVGTGSGANVLTF,CAVKEETSGSRLTF,GILGFVFTL,HLA-A*02:01,1
141,141,CASSMRSADTQYF,CAYSHNAGGTSYGKLTF,GILGFVFTL,HLA-A*02:01,1
142,142,CASSVGGGYYEQYF,CATDDLGLTTDSWGKFQF,FLPRVFSAV,HLA-A*02:01,1
143,143,CSARDPYRASNQPQHF,CVVNMPGYSTLTF,GLCTLVAML,HLA-A*02:01,1
144,144,CASSQISGTGGEQYF,CAGQRGKLIF,NLIDSYFVV,HLA-A*02:01,1
145,145,CASSRLSNQPQHF,CAIGPGNMLTF,GILGFVFTL,HLA-A*02:01,1
146,146,CATSGGMGQPQHF,CVVNREGYSTLTF,ELAGIGILTV,HLA-A*02:01,1
147,147,CSATPSLGPEQPQHF,CAHNAGGTSYGKLTF,LPDDFMGCV,HLA-A*02:01,1
148,148,CASSSGLVSNTGELFF,CVVNGGDSSYKLIF,GLCTLVAML,HLA-A*02:01,1
149,149,CASSGRSADTQYF,CALSDLRDTGRRALTF,GILGFVFTL,HLA-A*02:01,1
150,150,CASSIHSTDTQYF,CILRTNFGNEKLTF,GILGFVFTL,HLA-A*02:01,1
151,151,CASSVRSSYEQYF,CVVNGMDSSYKLIF,GILGFVFTL,HLA-A*02:01,1
152,152,CASSIGRSPQHF,CVVTDDKIIF,WLDMVDTSL,HLA-A*02:01,1
153,153,CAIDRVGTGELFF,CVVNRNNDMRF,NLVPMVATV,HLA-A*02:01,1
154,154,CASSIRSSYEQYF,CAYSPAAGGTSYGKLTF,GILGFVFTL,HLA-A*02:01,1
155,155,CASSPTGEPNYGYTF,CGTEYPNDYKLSF,YLQPRTFLL,HLA-A*02:01,1
156,156,CASSPGALNTEAFF,CALSESNSGNTPLVF,ELAGIGILTV,HLA-A*02:01,1
157,157,CASSYMGLGAYEQYF,CAVNLGSYIPTF,ELAGIGILTV,HLA-A*02:01,1
158,158,CASSMFGGQPQHF,CAMRDPPSYNTDKLIF,GILGFVFTL,HLA-A*02:01,1
159,159,CASSSGQGFFYEQYF,CAVAKDLQNSGGGADGLTF,HLMSFPQSA,HLA-A*02:01,1
160,160,CASSYGKPLYSNQPQHF,CAAPYSGGYQKVTF,GILGFVFTL,HLA-A*02:01,1
161,161,CASSIRASYEQYF,CVVNNNNDMRF,GILGFVFTL,HLA-A*02:01,1
162,162,CASSPPGLVGGELFF,CAASAGWFAEYGNKLVF,GLCTLVAML,HLA-A*02:01,1
163,163,CASSIRSSYEQYF,CAVNFGGGKLIF,GILGFVFTL,HLA-A*02:01,1
164,164,CASSGRSTDTQYF,CAMREGENARLMF,GILGFVFTL,HLA-A*02:01,1
165,165,CASRRDGPSYEQYF,CAVSFSGGYNKLIF,GILGFVFTL,HLA-A*02:01,1
166,166,CASSLTGGDTQYF,CLVVGDNYGQNFVF,LLFGYPVYV,HLA-A*02:01,1
167,167,CASSIRSSYEQYF,CAMRVFLNSGGSNYKLTF,GILGFVFTL,HLA-A*02:01,1
168,168,CASSQATSGIFVYEQYF,CAGGGSQGNLIF,ELAGIGILTV,HLA-A*02:01,1
169,169,CASSTDREGITPQHF,CAISTGNQFYF,ALSKGVHFV,HLA-A*02:01,1
170,170,CATSDWSGNEQFF,CAFMKGAGGTSYGKLTF,FLPGVYSVI,HLA-A*02:01,1
171,171,CASSLQGVQNEQFF,CATEGNSGYSTLTF,YVWKSYVHV,HLA-A*02:01,1
172,172,CASSQLGRGDNEQFF,CAIRWTGNQFYF,GILGFVFTL,HLA-A*02:01,1
173,173,CSARDHGGDYGYTF,CAGGGSQGNLIF,NLVPMVATV,HLA-A*02:01,1
174,174,CASSFLDRGPNTEAFF,CALPGSQGNLIF,GILGFVFTL,HLA-A*02:01,1
175,175,CASSARTGVGYGYTF,CALSGGRGGDDKIIF,SLFNTVATLY,HLA-A*02:01,1
176,176,CASSVQADGTGGGETQYF,CAVSGNKLTF,CINGVCWTV,HLA-A*02:01,1
177,177,CATSGTGGHEQYF,CAASASGTYKYIF,LLWNGPMAV,HLA-A*02:01,1
178,178,CASSDGHEQYF,CAVNRDDKIIF,KLVAMGINAV,HLA-A*02:01,1
179,179,CASSIRSSYEQYF,CAGAGNTGKLIF,GILGFVFTL,HLA-A*02:01,1
180,180,CASSQTYEQYF,CAGASGGGSQGNLIF,GILGFVFTL,HLA-A*02:01,1
181,181,CAAGTRTDTQYF,CAGAVGSSNTGKLIF,NLVPMVATV,HLA-A*02:01,1
182,182,CASSPGQLSNTGELFF,CAMREGLVPYNNNDMRF,GLCTLVAML,HLA-A*02:01,1
183,183,CASSPRSYEQYF,CLVGDSYSSASKIIF,KLFIRQEEV,HLA-A*02:01,1
184,184,CASSLADPLPSGQYF,CAALSPNFGNEKLTF,GILGFVFTL,HLA-A*02:01,1
185,185,CASTTVQGGYTF,CAVGSGYALNF,GILGFVFTL,HLA-A*02:01,1
186,186,CASSQEIAQGTNTGELFF,CARNTGNQFYF,CINGVCWTV,HLA-A*02:01,1
187,187,CASSPGGVSYGYTF,CALRSNDYKLSF,LLWNGPMAV,HLA-A*02:01,1
188,188,CASSTRSTDTQYF,CAVSGGADGLTF,GILGFVFTL,HLA-A*02:01,1
189,189,CASSRGQPDEAFF,CAENRYSTLTF,KLPDDFMGC,HLA-A*02:01,1
190,190,CASSPEDIQYF,CATEGNSGYSTLTF,YLQPRTFLL,HLA-A*02:01,1
191,191,CSSQEGGYGYTF,CAYRESPDKLIF,GLCTLVAML,HLA-A*02:01,1
192,192,CASSPLGGGNTGELFF,CAVRGAGYALNF,YLQPRTFLL,HLA-A*02:01,1
193,193,CATSDPLAAAYEQYF,CAASGGGSQGNLIF,NLVPMVATV,HLA-A*02:01,1
194,194,CASSELPAGGTNEQFF,CAVGEDSSYKLIF,RLARLALVL,HLA-A*02:01,1
195,195,CASSQAQSGTAPYEQYF,CAASGGSQGNLIF,CINGVCWTV,HLA-A*02:01,1
196,196,CASSIRSTDTQYF,CAVNSVPWGWDPPQLTF,GILGFVFTL,HLA-A*02:01,1
197,197,CASSLSFGTEAFF,CALPSGGTSYGKLTF,AAGIGILTV,HLA-A*02:01,1
198,198,CASTLGEGSEAFF,CALDMGGGSQGNLIF,ELAGIGILTV,HLA-A*02:01,1
199,199,CASRPEAGNPVVTEFF,CAYSPAAGGTSYGKLTF,LLLEWLAMA,HLA-A*02:01,1
200,200,CASSEALGSTSYEQYF,CAGAVGSSNTGKLIF,LLWNGPMAV,HLA-A*02:01,1
201,201,CASSIFSVSNEQYF,CAGAGSQGNLIF,GILGFVFTL,HLA-A*02:01,1
202,202,CAISESTAGPYYEQYF,CAGGGDGGSQGNLIF,LMWLSYFIA,HLA-A*02:01,1
203,203,CASSSGQGNIQYF,CVVGDDKIIF,CINGVCWTV,HLA-A*02:01,1
204,204,CASSVTGQLQETQYF,CAGAMGGGSQGNLIF,ELAGIGILTV,HLA-A*02:01,1
205,205,CASSLQNTEAFF,CIVRVGGDSWGKLQF,GILGFVFTL,HLA-A*02:01,1
206,206,CASSLNPGGNVLTF,CAFMKGAGGTSYGKLTF,ELAGIGILTV,HLA-A*02:01,1
207,207,CASSLKAGNQPQHF,CGTAMGGGSQGNLIF,NLVPMVATV,HLA-A*02:01,1
208,208,CASQDINTGELFF,CAGPGSQGNLIF,YLQPRTFLL,HLA-A*02:01,1
209,209,CASSRRSGGEQYF,CAVLGNQFYF,GILGFVFTL,HLA-A*02:01,1
210,210,CASSPSSSYEQYF,CAMREGSGSYQLTF,GILGFVFTL,HLA-A*02:01,1
211,211,CASSIVQGSNQPQHF,CAVPDDAGNMLTF,SLFNTVATLY,HLA-A*02:01,1
212,212,CASSIRSGAEQYF,CATGPLPGANSKLTF,GILGFVFTL,HLA-A*02:01,1
213,213,CSARDQQGQNTGELFF,CALSENTDKLIF,YLQPRTFLL,HLA-A*02:01,1
214,214,CASSIRSSYEQYF,CAVNAGFQKLVF,GILGFVFTL,HLA-A*02:01,1
215,215,CASSSQGVGNTIYF,CAESVGKLIF,ELAGIGILTV,HLA-A*02:01,1
216,216,CASSPGPGWVRTDTQYF,CAENYGGSQGNLIF,GLCTLVAML,HLA-A*02:01,1
217,217,CASRRSLQGARGGYTF,CILSNNNDMCF,TALALLLLD,HLA-A*02:01,1
218,218,CASSSTGGGEKDQPQHF,CAAPYSGGSNYKLTF,GLCTLVAML,HLA-A*02:01,1
219,219,CSADREGSSNQPQHF,CAVNVRGKLIF,FLPRVFSAV,HLA-A*02:01,1
220,220,CASSLGSTEAFF,CAGAGGGSQGNLIF,LLYDANYFL,HLA-A*02:01,1
221,221,CASSIRSAYEQYF,CAVRDGTGANNLFF,GILGFVFTL,HLA-A*02:01,1
222,222,CASSSIRGPLSGNTIYF,CAAGGSQGNLIF,GILGFVFTL,HLA-A*02:01,1
223,223,CSARPGEQGGDGYTF,CAYMTNAGGTSYGKLTF,ELAGIGILTV,HLA-A*02:01,1
224,224,CASSIRSAYEQYF,CVMGWGKLQF,GILGFVFTL,HLA-A*02:01,1
225,225,CASSIHSGNQPQHF,CAVNSGYALNF,GILGFVFTL,HLA-A*02:01,1
226,226,CASSVRSSYEQYF,CATAGPNSGGSNYKLTF,GILGFVFTL,HLA-A*02:01,1
227,227,CASSPRDRTGGYTF,CAGRPEVDSQGNLIF,MLDLQPETT,HLA-A*02:01,1
228,228,CASRRQGTVYEQYF,CAIDSGGGADGLTF,NLVPMVATV,HLA-A*02:01,1
229,229,CASSLQGTGYGYTF,CALSEAGTGNQFYF,KLWAQCVQL,HLA-A*02:01,1
230,230,CASSQLMSRDEQFF,CALSGYSTLTF,KLKDCVMYA,HLA-A*02:01,1
231,231,CASSSVNEQYF,CAVGGDMRF,NLVPMVATV,HLA-A*02:01,1
232,232,CSARIYGGGEVGNTIYF,CAGATGNTGKLIF,GLCTLVAML,HLA-A*02:01,1
233,233,CASSSTGGGEKDQPQHF,CAVAFGNQFYF,SLFNTVATLY,HLA-A*02:01,1
234,234,CASSIRSSYEQYF,CALSAQSTGTYKYIF,GILGFVFTL,HLA-A*02:01,1
235,235,CASSLGETQYF,CLVGDIDNTGNQFYF,ELAGIGILTV,HLA-A*02:01,1
236,236,CASSQNYEQYF,CLVARGGSYIPTF,ALDPHSGHFV,HLA-A*02:01,1
237,237,CSVGSGGTNEKLFF,CAVSRTSGSRLTF,GLCTLVAML,HLA-A*02:01,1
238,238,CASSIRSTYEQYF,CAESPSSGNTPLVF,GILGFVFTL,HLA-A*02:01,1
239,239,CASSEGRVLPGELFF,CAVNNARLMF,GLCTLVAML,HLA-A*02:01,1
240,240,CASKRGMSNQPQHF,CAASGTGGFKTIF,GILGFVFTL,HLA-A*02:01,1
241,241,CASSMRSTDTQYF,CAVNNARLMF,GILGFVFTL,HLA-A*02:01,1
242,242,CASSRTGTSYEQYF,CALPGSSNTGKLIF,LLDFVRFMGV,HLA-A*02:01,1
243,243,CASSIGLYGYTF,CAVSSGPGKSTF,GILGFVFTL,HLA-A*02:01,1
244,244,CASSISSTGELFF,CAGPRKTSYDKVIF,GILGFVFTL,HLA-A*02:01,1
245,245,CASSIRSSYEQYF,CVVNVMDDMRF,GILGFVFTL,HLA-A*02:01,1
246,246,CASNPSSTDTQYF,CAGAGSSNTGKLIF,GILGFVFTL,HLA-A*02:01,1
247,247,CASSAGTSGQETQYF,CAVIRGGNTPLVF,GLCTLVAML,HLA-A*02:01,1
248,248,CASSARSSYEQYF,CVSPGYTNAGKSTF,GILGFVFTL,HLA-A*02:01,1
249,249,CASSIRSSYEQYF,CAVNRDDKIIF,GILGFVFTL,HLA-A*02:01,1
250,250,CASSQADRGLVNTEAFF,CGTTNRDDKIIF,FLPRVFSAV,HLA-A*02:01,1
251,251,CASSIRSSYEQYF,CAVRDLNARLMF,GILGFVFTL,HLA-A*02:01,1
252,252,CASSTRSSYEQYF,CAMSGDGGSQGNLIF,GILGFVFTL,HLA-A*02:01,1
253,253,CASSGRSTGELFF,CAIPAAGTASKLTF,GILGFVFTL,HLA-A*02:01,1
254,254,CSARDATGNGYTF,CAYRTSILSNFGNEKLTF,GLCTLVAML,HLA-A*02:01,1
255,255,CASSLTVSLSPDLNEQFF,CVVQPGGYQKVTF,CINGVCWTV,HLA-A*02:01,1
256,256,CASSILAGGNTGELFF,CAVNPSNTGKLIF,YLQPRTFLL,HLA-A*02:01,1
257,257,CASTGSAGGSYGYTF,CAVNRDDKIIF,QVVSDIDYV,HLA-A*02:01,1
258,258,CASSPPGRGNTGELFF,CIVRVRGGSNYKLTF,NLVPMVATV,HLA-A*02:01,1
259,259,CASSSAALLSYEQYF,CAGGGSQGNLIF,YLQPRTFLL,HLA-A*02:01,1
260,260,CASSVRSSYEQYF,CVVNKDNDMRF,GILGFVFTL,HLA-A*02:01,1
261,261,CASSEDPASYEQYF,CAAMETSYDKVIF,ALWEIQQVV,HLA-A*02:01,1
262,262,CASSILTGPRTEAFF,CLVGSPFPTSGTYKYIF,GILGFVFTL,HLA-A*02:01,1
263,263,CASSPGGVRVQPQHF,CAVSPDKLIF,FTVLCLTPV,HLA-A*02:01,1
264,264,CASSLAGVIETQYF,CAGGGSQGNLIF,LIDFYLCFL,HLA-A*02:01,1
265,265,CASSIHGAETQYF,CAASGMDTGRRALTF,GILGFVFTL,HLA-A*02:01,1
266,266,CAISESNGLYPDTEAFF,CAVRDIDTNAGKSTF,FLNRFTTTL,HLA-A*02:01,1
267,267,CASSESPMGTGEETQYF,CAVSGRGSTLGRLYF,YIDIGDYTV,HLA-A*02:01,1
268,268,CASSSIYGTSYEQYF,CAVFTFNAGGTSYGKLTF,YLQPRTFLL,HLA-A*02:01,1
269,269,CASSSSMESGNTIYF,CAESTSGGKLIF,CINGVCWTV,HLA-A*02:01,1
270,270,CASSAGLIGANVLTF,CAVRMDSSYKLIF,ELAGIGILTV,HLA-A*02:01,1
271,271,CASSVVGGNEQFF,CAYRSAELVNDMRF,GLCTLVAML,HLA-A*02:01,1
272,272,CASSLAMTEAFF,CAGPGTSYDKVIF,RLGPVQNEV,HLA-A*02:01,1
273,273,CASSTRSAYEQYF,CATVEYGNKLVF,GILGFVFTL,HLA-A*02:01,1
274,274,CAISEGSGSLIYEQYF,CAGGLENAGGTSYGKLTF,IKLDDKDPQ,HLA-A*02:01,1
275,275,CASSIRSSYEQYF,CAMREAPFAYSGAGSYQLTF,GILGFVFTL,HLA-A*02:01,1
276,276,CASSIRAAETQYF,CVVNILDDMRF,GILGFVFTL,HLA-A*02:01,1
277,277,CSVFLGGESATNEKLFF,CAPTSTWGWELPTHF,CINGVCWTV,HLA-A*02:01,1
278,278,CASSLGGGAYEQYF,CVVNYPAGDYKLSF,ALYGFVPVL,HLA-A*02:01,1
279,279,CASSGRAGDTQYF,CAASGGGSQGNLIF,GILGFVFTL,HLA-A*02:01,1
280,280,CASSIRSSYEQYF,CAESTISGGYNKLIF,GILGFVFTL,HLA-A*02:01,1
281,281,CAWMKQGTSTYEQYF,CAVHSYNTDKLIF,FLHVTYVPA,HLA-A*02:01,1
282,282,CASSQEGNTGELFF,CAVVEGGGSQGNLIF,ELAGIGILTV,HLA-A*02:01,1
283,283,CASSISSTGELFF,CVVNTANDYKLSF,GILGFVFTL,HLA-A*02:01,1
284,284,CASSIVPWDTQYF,CAVVRGSMDSNYQLIW,ALSKGVHFV,HLA-A*02:01,1
285,285,CASSLTFTGDLNQPQHF,CAVQAEGSYGGATNKLIF,GILGFVFTL,HLA-A*02:01,1
286,286,CASSIRASYEQYF,CSNARLMF,GILGFVFTL,HLA-A*02:01,1
287,287,CASSSRSSYEQYF,CAGAGGGSQGNLIF,GILGFVFTL,HLA-A*02:01,1
288,288,CASSRDTVNTEAFF,CAGAGSQGNLIF,KMDYFSGQL,HLA-A*02:01,1
289,289,CASSFSGNTGELFF,CALNDDKIIF,GILGFVFTL,HLA-A*02:01,1
290,290,CSVEDLGAGVSNEQFF,CAENSHPRGGGSQGNLIF,RLPGVLPRA,HLA-A*02:01,1
291,291,CASSVRSAYEQYF,CAASNDFGNEKLTF,GILGFVFTL,HLA-A*02:01,1
292,292,CASRRQGTVYEQYF,CALNDYKLSF,NLVPMVATV,HLA-A*02:01,1
293,293,CASSSQSTGTAGVYEQYF,CAAGGSQGNLIF,ILGFVFTLT,HLA-A*02:01,1
294,294,CASSPEGRRMGPTNEKLFF,CAVQGSQGNLIF,FLHVTYVPA,HLA-A*02:01,1
295,295,CASSWTSPYTTDTQYF,CVGAGSYQLTF,YVDNSSLTI,HLA-A*02:01,1
296,296,CASSGGTADTQYF,CKGGSQGNLIF,LLWNGPMAV,HLA-A*02:01,1
297,297,CASSVAGGDEQFF,CAAREEGDARLMF,GLCTLVAML,HLA-A*02:01,1
298,298,CASSSDGNEQFF,CASSALGSEKLVF,ELAGIGILTV,HLA-A*02:01,1
299,299,CASSSTQGAAYGYTF,CLVGPGMF,LLWNGPMAV,HLA-A*02:01,1
300,300,CASSIRSSYEQYF,CAGRETNAGKSTF,ELAGIGILTV,HLA-A*02:01,1
301,301,CSARTGVGNTIYF,CLSTDKLIF,GLCTLVAML,HLA-A*02:01,1
302,302,CASSQVTGSSYNEQFF,CAGPMKTSYDKVIF,DQVILLNKH,HLA-A*02:01,1
303,303,CASSSRQSEADTQYF,CAVSGGSNDMRF,GLCTLVAML,HLA-A*02:01,1
304,304,CASSGLNEQFF,CALSETFTTDKLIF,GILGFVFTL,HLA-A*02:01,1
305,305,CASSARSSYEQYF,CAVNKGGGSQGNLIF,GILGFVFTL,HLA-A*02:01,1
306,306,CASSIRSSYEQYF,CAASDGQNFVF,GILGFVFTL,HLA-A*02:01,1
307,307,CASSIGFGQGVSTEAFF,CAPMDSNYQLIW,TMCDIRQLL,HLA-A*02:01,1
308,308,CASSIRSSYEQYF,CAVNQGGGSQGNLIF,GILGFVFTL,HLA-A*02:01,1
309,309,CASSTRSAYEQYF,CAGAGNTGKLIF,GILGFVFTL,HLA-A*02:01,1
310,310,CAWGGVQGINEQYF,CAGHTGNQFYF,ELAGIGILTV,HLA-A*02:01,1
311,311,CSVGSQGTNEKLFF,CAVGGTGKLIF,GLCTLVAML,HLA-A*02:01,1
312,312,CSARDGTGNGYTF,CAVNILGNTGFQKLVF,GLCTLVAML,HLA-A*02:01,1
313,313,CSARIARINAYEQYF,CAVNQGQGAQKLVF,YLQPRTFLL,HLA-A*02:01,1
314,314,CASSTRSAAPLHF,CAVRGPEGGGNKLTF,GILGFVFTL,HLA-A*02:01,1
315,315,CASSGRGFLNYGYTF,CAVNLGGGSQGNLIF,NLVPMVATV,HLA-A*02:01,1
316,316,CASSPGLAGYSYNEQFF,CAGPYNYGQNFVF,CINGVCWTV,HLA-A*02:01,1
317,317,CASSEDTGELFF,CAGYYGQNFVF,YLLEMLWRL,HLA-A*02:01,1
318,318,CASSIGSYGYTF,CAFMTGAGGTSYGKLTF,GILGFVFTL,HLA-A*02:01,1
319,319,CASSEGQVLPGEQYF,CAVRDDTGGFKTIF,GLCTLVAML,HLA-A*02:01,1
320,320,CASSSLSGGYTF,CAVNGFGNEKLTF,GLCTLVAML,HLA-A*02:01,1
321,321,CASSEIDTGELFF,CAGAGGGSQGNLIF,YLQPRTFLL,HLA-A*02:01,1
322,322,CASSPDGGHSTDTQYF,CAYLDVGGGADGLTF,LLWNGPMAV,HLA-A*02:01,1
323,323,CASSATGTHSFGYTF,CAAWGKLQF,ELAGIGILTV,HLA-A*02:01,1
324,324,CASSSTGTRGSYEQYF,CLVGDSGDRGSTLGRLYF,LLWNGPMAV,HLA-A*02:01,1
325,325,CASSRRDATRFAETQYF,CAVDIYSGTYKYIF,NLVPMVATV,HLA-A*02:01,1
326,326,CASSLDRSTGELFF,CAVGDGQKLLF,NLVPMVATV,HLA-A*02:01,1
327,327,CASSIGAHGYTF,CAGGGSQGNLIF,GILGFVFTL,HLA-A*02:01,1
328,328,CASSQGTGQETQYF,CVVFKAAGNKLTF,FLYALALLL,HLA-A*02:01,1
329,329,CASSPGTGAYEQYF,CAESTGKLIF,LLWNGPMAV,HLA-A*02:01,1
330,330,CSAALGLGEKLFF,CAGAGGGSQGNLIF,ELAGIGILTV,HLA-A*02:01,1
331,331,CASSISSTGELFF,CAGGGSQGNLIF,RLPGVLPRA,HLA-A*02:01,1
332,332,CASSETSGRSPYEQYF,CAGPTHDMNYGGSQGNLIF,NLVPMVATV,HLA-A*02:01,1
333,333,CSVDRGSPSYEQYF,CAIQGSQGNLIF,YLQPRTFLL,HLA-A*02:01,1
334,334,CASSQEVSGGWGEQYF,CAMRASEQAAGNKLTF,CINGVCWTV,HLA-A*02:01,1
335,335,CASSFRSSYEQYF,CAMRGRTGNQFYF,GILGFVFTL,HLA-A*02:01,1
336,336,CASSIRSSYEQYF,CVVNGRDSSYKLIF,GILGFVFTL,HLA-A*02:01,1
337,337,CASSGGQGAYEQYF,CLDSNDMRF,LLWNGPMAV,HLA-A*02:01,1
338,338,CASSEAISGAWDEQFF,CGTDPLGYGGSQGNLIF,GILGFVFTL,HLA-A*02:01,1
339,339,CASSWDRVLYEQYF,CAVESGNTGKLIF,SLLMWITQV,HLA-A*02:01,1
340,340,CASSIRSAYEQYF,CATDPLFSDGQKLLF,GILGFVFTL,HLA-A*02:01,1
341,341,CSVEKGTGELFF,CIVRVANTDKLIF,ELAGIGILTV,HLA-A*02:01,1
342,342,CASSTRSGETQYF,CAVLDSNYQLIW,GILGFVFTL,HLA-A*02:01,1
343,343,CASSYSGSGNEQFF,CAGYHIQGGSEKLVF,ELAGIGILTV,HLA-A*02:01,1
344,344,CSARVGVGNTIYF,CAVSGNYKLTF,GLCTLVAML,HLA-A*02:01,1
345,345,CASSYSTSGNTIYF,CAVSNGARLMF,GILGFVFTL,HLA-A*02:01,1
346,346,CASSLVSGELFF,CAFMVNAGGTSYGKLTF,ALWEIQQVV,HLA-A*02:01,1
347,347,CASSIFTIEPQHF,CAADNQGGKLIF,GILGFVFTL,HLA-A*02:01,1
348,348,CASSWTEGTETQYF,CAGGAGTALIF,FLCLFLLPS,HLA-A*02:01,1
349,349,CAIIDRNTGELFF,CALDILYNQGGKLIF,YLQPRTFLL,HLA-A*02:01,1
350,350,CASSSPWGQGPHEQYF,CAVTSSTGKLIF,GILGFVFTL,HLA-A*02:01,1
351,351,CASSIRSSYEQYF,CILRDGWVTGYKYIF,GILGFVFTL,HLA-A*02:01,1
352,352,CASSQGSYGYTF,CAVRRAGNDMRF,GILGFVFTL,HLA-A*02:01,1
353,353,CASSLGVAGTNTGELFF,CAYSPAAGGTSYGKLTF,GLCTLVAML,HLA-A*02:01,1
354,354,CASSLSGGINEQFF,CAGANGSSNTGKLIF,GLCTLVAML,HLA-A*02:01,1
355,355,CASSVRSSYEQYF,CAFMIGSGGTSYGKLTF,GILGFVFTL,HLA-A*02:01,1
356,356,CATSEGNEQFF,CAARGGGGSQGNLIF,NLVPMVATV,HLA-A*02:01,1
357,357,CASSDRGRSYEQYF,CAENLGGGSQGNLIF,YLQPRTFLL,HLA-A*02:01,1
358,358,CSVGSGDHGEQFF,CAVEPNSGYALNF,GILGFVFTL,HLA-A*02:01,1
359,359,CASGLVPEGLVYEQYF,CAVSDRSGGGADGLTF,GILGFVFTL,HLA-A*02:01,1
360,360,CASRSGREAFF,CAVSGGNQFYF,GILGFVFTL,HLA-A*02:01,1
361,361,CASNDLNTGELFF,CAVGTNFGNEKLTF,YLQPRTFLL,HLA-A*02:01,1
362,362,CSVTGERGTDTQYF,CARATNDYKLSF,LLWNGPMAV,HLA-A*02:01,1
363,363,CASSPFGSDEQFF,CAVNTGGFKTIF,GILGFVFTL,HLA-A*02:01,1
364,364,CASSFQGYTEAFF,CAVNEAGGYNKLIF,NLVPMVATV,HLA-A*02:01,1
365,365,CASSDQLLEEWSSYNEQFF,CAFMIGAGGTSYGKLTF,DRLNQLESK,HLA-A*02:01,1
366,366,CASLRLEEETQYF,CGADGSNDYKLSF,FVVFLLVTL,HLA-A*02:01,1
367,367,CASSTGQPQHF,CAVSVTSGTYKYIF,GILGFVFTL,HLA-A*02:01,1
368,368,CAWSEGLAGSRLPNNEQFF,CAVQAGSNYQLIW,SMWALVISV,HLA-A*02:01,1
369,369,CASSFSGNTGELFF,CAETTENSSYKLIF,GILGFVFTL,HLA-A*02:01,1
370,370,CASSPSAGRGLGYTF,CAVPGSQGNLIF,YLNSTNVTI,HLA-A*02:01,1
371,371,CSLIQGLGTEAFF,CAVRGGKLIF,ELAGIGILTV,HLA-A*02:01,1
372,372,CASSIRSSYEQYF,CALSEADSGYSTLTF,GILGFVFTL,HLA-A*02:01,1
373,373,CASSGTGVSPLHF,CAFMVNAGGTSYGKLTF,LLWNGPMAV,HLA-A*02:01,1
374,374,CASSQDILARYNEQFF,CAWSSNAGGTSYGKLTF,YLQPRTFLL,HLA-A*02:01,1
375,375,CASSIRSAYEQYF,CAGPPSGTYKYIF,GILGFVFTL,HLA-A*02:01,1
376,376,CASTGGPEGNQPQHF,CAGNAGGTSYGKLTF,SLLSVLLSM,HLA-A*02:01,1
377,377,CASSLLNEQFF,CAGQRATDSWGKLQF,ELAGIGILTV,HLA-A*02:01,1
378,378,CASSIRSAYEQYF,CAESTSGGGADGLTF,GILGFVFTL,HLA-A*02:01,1
379,379,CASSLSFGTEAFF,CAMSGDGGSQGNLIF,AAGIGILTV,HLA-A*02:01,1
380,380,CASSPGQGPYEQYF,CATDGSSGGSNYKLTF,LLWNGPMAV,HLA-A*02:01,1
381,381,CASSGRSTGELFF,CASQENSGAGSYQLTF,GILGFVFTL,HLA-A*02:01,1
382,382,CASSFLIGELFF,CAGNYGGSQGNLIF,GILGFVFTL,HLA-A*02:01,1
383,383,CASSIRSGETQYF,CAGGRHTGNQFYF,GILGFVFTL,HLA-A*02:01,1
384,384,CASSLGTSYEQYF,CATAGDSGYSTLTF,GILGFVFTL,HLA-A*02:01,1
385,385,CASSIGSYGYTF,CAVGSSGSARQLTF,GILGFVFTL,HLA-A*02:01,1
386,386,CASSELNTGELFF,CAGGGSQGNLIF,YLQPRTFLL,HLA-A*02:01,1
387,387,CASSSAGPYGYTF,CVVNRNNDMRF,GILGFVFTL,HLA-A*02:01,1
388,388,CASSDDLGGNTGELFF,CADTGGRSSNFGNEKLTF,YLQPRTFLL,HLA-A*02:01,1
389,389,CASSTHSGNQPQHF,CAESEGPTYTDKLIF,GILGFVFTL,HLA-A*02:01,1
390,390,CASILRAESSYNEQFF,CAVNSGYSTLTF,FLLPSLATV,HLA-A*02:01,1
391,391,CASSSSTGGVSNQPQHF,CAETGTYKYIF,GILGFVFTL,HLA-A*02:01,1
392,392,CASSVYLSGNTIYF,CAEPKGGTYKYIF,ELAGIGILTV,HLA-A*02:01,1
393,393,CASSLTVLYGYTF,CAGQTGGSQGNLIF,GILGFVFTL,HLA-A*02:01,1
394,394,CASSAGDTEAFF,CAVSDYGGSQGNLIF,KLVAMGINAV,HLA-A*02:01,1
395,395,CASSPDIEAFF,CAGPEDGGSQGNLIF,YLQPRTFLL,HLA-A*02:01,1
396,396,CASSTGAWGYTF,CAIDNAGNMLTF,GILGFVFTL,HLA-A*02:01,1
397,397,CASSPGGGMNTEAFF,CAFMINAGGTSYGKLTF,NLVPMVATV,HLA-A*02:01,1
398,398,CASSIGSYGYTF,CAVGGGKLIF,GILGFVFTL,HLA-A*02:01,1
399,399,CASSSPQGVSNTEAFF,CAEDNNARLMF,GILGFVFTL,HLA-A*02:01,1
400,400,CASSLDPGVASYNSPLHF,CATEGNSGYSTLTF,IMLCCMTSC,HLA-A*02:01,1
401,401,CASSQDGTAPYNEQFF,CAVGTAWRSGGGADGLTF,YADVFHLYL,HLA-A*02:01,1
402,402,CASRSAYEQYF,CAGAPNTGNQFYF,GILGFVFTL,HLA-A*02:01,1
403,403,CGWPGQTNTGELFF,CAANYGGSQGNLIF,RLFARTRSM,HLA-A*02:01,1
404,404,CASSITDRVHAGANVLTF,CAGGGSQGNLIF,LLYDANYFL,HLA-A*02:01,1
405,405,CASSQGYEQYF,CAADYTGNQFYF,KLFEFLVYGV,HLA-A*02:01,1
406,406,CASSLDTQYF,CAEISPSGGSYIPTF,GILGFVFTL,HLA-A*02:01,1
407,407,CSASGDRGADTQYF,CAVMAGAQKLVF,LLWNGPMAV,HLA-A*02:01,1
408,408,CASSSEEDISGNTIYF,CATSPPLTQGGSEKLVF,VLWAHGFEL,HLA-A*02:01,1
409,409,CASSAGRVLPGEQYF,CAVSSDKIIF,GLCTLVAML,HLA-A*02:01,1
410,410,CANNCGFF,CAAQLYGQNFVF,LLWNGPMAV,HLA-A*02:01,1
411,411,CASSSANYGYTF,CAVNAGNNRKLIW,NLVPMVATV,HLA-A*02:01,1
412,412,CASSRLGDYTF,CAVSPMEYGNKLVF,GLCTLVAML,HLA-A*02:01,1
413,413,CASRGEKAYEQYF,CAASFTNFGNEKLTF,FLYALALLL,HLA-A*02:01,1
414,414,CASSTDRAAQPQHF,CVAFSGGYNKLIF,GLCTLVAML,HLA-A*02:01,1
415,415,CASSLGAGGTEAFF,CVVNKGNDMRF,LLYDANYFL,HLA-A*02:01,1
416,416,CASSTRSSSEQYF,CAGTYGGSQGNLIF,GILGFVFTL,HLA-A*02:01,1
417,417,CASSIRASYEQYF,CAASVGGNNRLAF,GILGFVFTL,HLA-A*02:01,1
418,418,CASSARSSYEQYF,CAVRKFGNEKLTF,GILGFVFTL,HLA-A*02:01,1
419,419,CASSATGTGGYEQYF,CVTGAGSYQLTF,LLWNGPMAV,HLA-A*02:01,1
420,420,CSARDSTGNGYTF,CASDNNARLMF,GLCTLVAML,HLA-A*02:01,1
421,421,CASSIRSSNEQYF,CAEDNNARLMF,GILGFVFTL,HLA-A*02:01,1
422,422,CAIRSGNTYSYEQYF,CAGQGGKLIF,YLQPRTFLL,HLA-A*02:01,1
423,423,CASSYAETQYF,CAVNNTGNMLTF,GILGFVFTL,HLA-A*02:01,1
424,424,CASSIRSSYEQYF,CAEDAGNMLTF,GILGFVFTL,HLA-A*02:01,1
425,425,CSARAGSTYEQYF,CVVNNNNDMRF,YIDIGDYTV,HLA-A*02:01,1
426,426,CASSGQGAYGYTF,CAASGSSNAGNMLTF,LLWNGPMAV,HLA-A*02:01,1
427,427,CASREGQHDEKLFF,CALSGPNTGNQFYF,ALWEIQQVV,HLA-A*02:01,1
428,428,CSAEPGTSGGLQYF,CAVEDTGGFKTIF,GLCTLVAML,HLA-A*02:01,1
429,429,CASSAGQESYEQYF,CVVTGGGNKLTF,LLWNGPMAV,HLA-A*02:01,1
430,430,CASSIRSSYEQYF,CAGSNSGAGSYQLTF,GILGFVFTL,HLA-A*02:01,1
431,431,CASSIRSAGELFF,CAFMMDGNKLVF,GILGFVFTL,HLA-A*02:01,1
432,432,CASSTRSGYEQYF,CAVGGSGGSQGNLIF,GILGFVFTL,HLA-A*02:01,1
433,433,CASSLGFTDTQYF,CAGGGSSNTGKLIF,GILGFVFTL,HLA-A*02:01,1
434,434,CASSIGAHGYTF,CAVSDDNDMRF,GILGFVFTL,HLA-A*02:01,1
435,435,CASSQSPGGTQYF,CARNTGNQFYF,GLCTLVAML,HLA-A*02:01,1
436,436,CASSLSGVPHNNEQFF,CAGAGGGSQGNLIF,NLVPMVATV,HLA-A*02:01,1
437,437,CASSLGPADTQYF,CAGGLGGGSQGNLIF,DLFMRIFTI,HLA-A*02:01,1
438,438,CASSLGTSGYNEQFF,CAATYTGNQFYF,AVIKTLQPV,HLA-A*02:01,1
439,439,CSARGLVESSYNEQFF,CAYRISLNNNDMRF,GLCTLVAML,HLA-A*02:01,1
440,440,CATQDGNTGELFF,CAVNPGSARQLTF,YLQPRTFLL,HLA-A*02:01,1
441,441,CASSSPSGLAGQETQYF,CAVQAGGNKLTF,RTLNAWVKV,HLA-A*02:01,1
442,442,CASSVHSTSGDQETQYF,CAENNGGGSQGNLIF,RTLNAWVKV,HLA-A*02:01,1
443,443,CSVEVAGHDEQYF,CAVNPGWGGSNYKLTF,YLNDHLEPWI,HLA-A*02:01,1
444,444,CASSFQGYTEAFF,CAASIGGGSQGNLIF,NLVPMVATV,HLA-A*02:01,1
445,445,CASSPLGGYYGYTF,CVVNKDDKIIF,FLYALALLL,HLA-A*02:01,1
446,446,CASSTRGAYEQYF,CAVSDSNYQLIW,GILGFVFTL,HLA-A*02:01,1
447,447,CASSLVGLSYNEQFF,CAVNILGAGSYQLTF,VMVELVAEL,HLA-A*02:01,1
448,448,CASSVVERAFF,CVVSEGVTEDMRF,NLVPMVATV,HLA-A*02:01,1
449,449,CASSDLAGGTDTQYF,CAVATMGSGGSNYKLTF,LLWNGPMAV,HLA-A*02:01,1
450,450,CASSPRTGNSGANVLTF,CAGPIDGGSQGNLIF,GILGFVFTL,HLA-A*02:01,1
451,451,CASSPMGVGGNTIYF,CVVNDGNKLVF,ELAGIGILTV,HLA-A*02:01,1
452,452,CASSSAGTPTEQFF,CAFMKGAGGTSYGKLTF,SLINTLNDL,HLA-A*02:01,1
453,453,CASSIRSGETQYF,CAVSTDKLIF,GILGFVFTL,HLA-A*02:01,1
454,454,CASSLGFLTGELFF,CAERTALGYSTLTF,ELAGIGILTV,HLA-A*02:01,1
455,455,CASSPSSGAVDEQFF,CILREFYNDMRF,RTLNAWVKV,HLA-A*02:01,1
456,456,CASSIRSSYEQYF,CAMSADNQGGKLIF,GILGFVFTL,HLA-A*02:01,1
457,457,CASSQGSWGYTF,CASETGNQFYF,GILGFVFTL,HLA-A*02:01,1
458,458,CASSLGTANYGYTF,CAAISNTGKLIF,GILGFVFTL,HLA-A*02:01,1
459,459,CASSIRSSYEQYF,CAVDFTDKLIF,GILGFVFTL,HLA-A*02:01,1
460,460,CASSLAQINYEQYF,CASGGSQGNLIF,KSVNITFEL,HLA-A*02:01,1
461,461,CASSFGSTDTQYF,CAVMGNTDKLIF,GILGFVFTL,HLA-A*02:01,1
462,462,CASRGLGRADTQYF,CALSEAGPDKLIF,AIFYLITPV,HLA-A*02:01,1
463,463,CASSQRSQETQYF,CAASETSYDKVIF,GILGFVFTL,HLA-A*02:01,1
464,464,CASSLVAGTDGYTF,CALRVMNRDDKIIF,RLPGVLPRA,HLA-A*02:01,1
465,465,CASSTRSTDTQYF,CAASGGGSQGNLIF,GILGFVFTL,HLA-A*02:01,1
466,466,CASSIRSSYEQYF,CALSEAKEYGNKLVF,GILGFVFTL,HLA-A*02:01,1
467,467,CASSQASGGSTNTGELFF,CIVRSPQGSNYKLTF,YLNDHLEPWI,HLA-A*02:01,1
468,468,CATIRRLAGGISTDTQYF,CARTGGSYIPTF,KSVNITFEL,HLA-A*02:01,1
469,469,CSAAGDRGADTQYF,CAVNKGGGSQGNLIF,LLWNGPMAV,HLA-A*02:01,1
470,470,CASSIFSGKPQHF,CAENQINNDMRF,GILGFVFTL,HLA-A*02:01,1
471,471,CASSPTPSGQGTADTQYF,CVANTGNQFYF,YLQPRTFLL,HLA-A*02:01,1
472,472,CASSQGPAAYEQYF,CAVRGRSNYGGSQGNLI,LLWNGPMAV,HLA-A*02:01,1
473,473,CASSLDRTSSPLHF,CAAKEGYSTLTF,RTLNAWVKV,HLA-A*02:01,1
474,474,CASSGEGGTTNTGELFF,CAVWLISNFGNEKLTF,GILGFVFTL,HLA-A*02:01,1
475,475,CASSFAPQGGYEQYF,CAVPPEGGYNKLIF,LMGHFAWWT,HLA-A*02:01,1
476,476,CASRKLAGPTDTQYF,CALSEAGTGGSYIPTF,NLVPMVATV,HLA-A*02:01,1
477,477,CASSSRSSGEQYF,CATDAYTGNQFYF,GILGFVFTL,HLA-A*02:01,1
478,478,CSAPWTGQRINEKLFF,CVVRAEAAGNKLTF,KDNVILLNK,HLA-A*02:01,1
479,479,CSARDGTRAHYEQFF,CAVRDGTGANNLFF,GILGFVFTL,HLA-A*02:01,1
480,480,CASSQGWDEQFF,CVVNGADKLIF,RTIKVFTTV,HLA-A*02:01,1
481,481,CASSPVSGSSYEQYF,CATDAGGYQKVTF,GLCTLVAML,HLA-A*02:01,1
482,482,CARGDANTGELFF,CVVNGMDSSYKLIF,YLQPRTFLL,HLA-A*02:01,1
483,483,CASRVDRLPSNEKLFF,CAVEDYKAAGNKLTF,GILGFVFTL,HLA-A*02:01,1
484,484,CASSMRASVEQFF,CVVLSGGQNFVF,GILGFVFTL,HLA-A*02:01,1
485,485,CASSQEVAYEQYF,CALGGYSSASKIIF,LLWNGPMAV,HLA-A*02:01,1
486,486,CASSMRSGANVLTF,CAVSNNNDMRF,GILGFVFTL,HLA-A*02:01,1
487,487,CASSEGGFTFYNEQFF,CAVRAYYGGSQGNLIF,GLCTLVAML,HLA-A*02:01,1
488,488,CASSTTGGEEQFF,CAGPTNAGKSTF,VMVELVAEL,HLA-A*02:01,1
489,489,CASSDRSGNEQFF,CAFMKGAGGTSYGKLTF,GILGFVFTL,HLA-A*02:01,1
490,490,CASSIGSYGYTF,CAVRDPYSSNTGKLIF,GILGFVFTL,HLA-A*02:01,1
491,491,CASSTSSSWTQYF,CATEGNSGYSTLTF,QMAPISAMV,HLA-A*02:01,1
492,492,CASSQDLLAQSNTEAFF,CAGEGGGSQGNLIF,YMPYFFTLL,HLA-A*02:01,1
493,493,CASSLGQGDGGYTF,CAMSGDGGSQGNLIF,SACVLAAEC,HLA-A*02:01,1
494,494,CASSEEGGLSNEKLFF,CAMSASNFGNEKLTF,YTVSCLPFT,HLA-A*02:01,1
495,495,CASSGRATGELFF,CAAFYSTLTF,GILGFVFTL,HLA-A*02:01,1
496,496,CASSSAFYGYTF,CATVRPYSGYSTLTF,NLVPMVATV,HLA-A*02:01,1
497,497,CASSARGGGNNEQFF,CADSGGGADGLTF,NLVPMVATV,HLA-A*02:01,1
498,498,CASSIHSNQPQHF,CAGSGSQGNLIF,GILGFVFTL,HLA-A*02:01,1
499,499,CASSIRSSGELFF,CALLYARLMF,GILGFVFTL,HLA-A*02:01,1
500,500,CAASSRSTDTQYF,CAVNADGQKLLF,GILGFVFTL,HLA-A*02:01,1
501,501,CSARDRQGQNTGELFF,CATDASRDDKIIF,YLQPRTFLL,HLA-A*02:01,1
502,502,CASSGRSAGELFF,CVVNIDTDKLIF,GILGFVFTL,HLA-A*02:01,1
503,503,CASRTPTRNTEAFF,CAVNIDNNDMRF,RLGPVQNEV,HLA-A*02:01,1
504,504,CASSSGGGAPSGNTIYF,CAATGGSQGNLIF,GLCTLVAML,HLA-A*02:01,1
505,505,CSASEAGGSYEQYF,CAYSPAAGGTSYGKLTF,LLWNGPMAV,HLA-A*02:01,1
506,506,CASTGTSGALYNEQFF,CAFMINAGGTSYGKLTF,NLVPMVATV,HLA-A*02:01,1
507,507,CASSGRATGELFF,CAFMKGAGGTSYGKLTF,GILGFVFTL,HLA-A*02:01,1
508,508,CASSFGGSTEAFF,CLVAFKDYKLSF,LLYDANYFL,HLA-A*02:01,1
509,509,CASGMSGGAENEQFF,CALDSNAGGTSYGKLTF,ELAGIGILTV,HLA-A*02:01,1
510,510,CASSIFGGAREQFF,CAGGNYGGSQGNLIF,GILGFVFTL,HLA-A*02:01,1
511,511,CASTVFQGSTNEQFF,CATDATSDKLIF,FLIGCNYLG,HLA-A*02:01,1
512,512,CASSYPNQPQHF,CAASSLSGSYIPTF,LLWNGPMAV,HLA-A*02:01,1
513,513,CASSQTATTGPGSPLHF,CAAVLNNAGNMLTF,LLWNGPMAV,HLA-A*02:01,1
514,514,CASSRQGGNYGYTF,CALTPGAAGNKLTF,FLYALALLL,HLA-A*02:01,1
515,515,CASSPVGIGEAFF,CAFMKPKGGSNYKLTF,GILGFVFTL,HLA-A*02:01,1
516,516,CASSQDWQDVRTQYF,CAVGNYQLIW,CINGVCWTV,HLA-A*02:01,1
517,517,CASSPRQVNYNEQFF,CILNRDDKIIF,LLFGYPVYV,HLA-A*02:01,1
518,518,CASSSRSAYEQYF,CAFMTQENAGNMLTF,GILGFVFTL,HLA-A*02:01,1
519,519,CASSMRASYEQYF,CAESGGSNYKLTF,GILGFVFTL,HLA-A*02:01,1
520,520,CASSSGLAGVETGELFF,CAVMDDKIIF,NLVPMVATV,HLA-A*02:01,1
521,521,CASSYWVGDTDTQYF,CAVRLEGSQGNLIF,GLCTLVAML,HLA-A*02:01,1
522,522,CASSFKDTNTGELFF,CVVNTPNDYKLSF,NLVPMVATV,HLA-A*02:01,1
523,523,CASGPGTSATDTQYF,CAASGGTSYGKLTF,NLVPMVATV,HLA-A*02:01,1
524,524,CASSEWTGNTEAFF,CAASGSGGTSYGKLTF,SLENVAFNV,HLA-A*02:01,1
525,525,CASSIRAGDNTEAFF,CAVSPTGSQGNLIF,GILGFVFTL,HLA-A*02:01,1
526,526,CASSQEGSGAPYEQYF,CAIYNQGGKLIF,CINGVCWTV,HLA-A*02:01,1
527,527,CASSQSPGGTQYF,CARGRGQNFVF,GLCTLVAML,HLA-A*02:01,1
528,528,CSVEDGGRGGSTDTQYF,CAVNRDDKIIF,ELAGIGILTV,HLA-A*02:01,1
529,529,CASSIYSGPGNTIYF,CAVAFGNQFYF,GILGFVFTL,HLA-A*02:01,1
530,530,CASSDGGLGQPQHF,CAGGGSQGNLIF,ELAGIGILTV,HLA-A*02:01,1
531,531,CASSLGRTNQPQHF,CAVSPGTYKYIF,GILGFVFTL,HLA-A*02:01,1
532,532,CASSYSQGGSYGYTF,CAVKGSQGNLIF,SLPGVFCGV,HLA-A*02:01,1
533,533,CASSHGAAAGETEAFF,CAVNAGGTSYGKLTF,NLVPMVATV,HLA-A*02:01,1
534,534,CSASGTGSYEQYF,CAVPKGSQGNLIF,KLNIKLLGV,HLA-A*02:01,1
535,535,CSLSGGQHNEQFF,CAGGASKIIF,WLTNIFGTV,HLA-A*02:01,1
536,536,CASSSPGGMETQYF,CGVSGGGADGLTF,GILGFVFTL,HLA-A*02:01,1
537,537,CSAPFPGQGDYGYTF,CATEGASGGSYIPTF,NLVPMVATV,HLA-A*02:01,1
538,538,CASSASRNTDGTDTQYF,CAVFFEGGATNKLIF,LLWNGPMAV,HLA-A*02:01,1
539,539,CASSIRSSYEQYF,CAYTENNARLMF,GILGFVFTL,HLA-A*02:01,1
540,540,CASSFSPVYGYTF,CAITYGGSQGNLIF,LITGRLQSL,HLA-A*02:01,1
541,541,CASSQQWEETQYF,CAVKEYGNKLVF,GILGFVFTL,HLA-A*02:01,1
542,542,CASSSATFFEQNYGYTF,CALSEDGAGNMLTF,YLQPRTFLL,HLA-A*02:01,1
543,543,CASSLDGNEQYF,CAMRALNAGGTSYGKLTF,ELAGIGILTV,HLA-A*02:01,1
544,544,CSVEGSGGTQYF,CGTAPTSYNQGGKLIF,FLPRVFSAV,HLA-A*02:01,1
545,545,CASSFEGEQYF,CAVRLLPHNNARLMF,RTLNAWVKV,HLA-A*02:01,1
546,546,CASSVRSTDTQYF,CAVRQDYQLIW,GILGFVFTL,HLA-A*02:01,1
547,547,CASSQKLAGDNEQFF,CAENLGGGSQGNLIF,ALSKGVHFV,HLA-A*02:01,1
548,548,CASSYMGPEAFF,CAGGGGADGLTF,RLARLALVL,HLA-A*02:01,1
549,549,CASSPSREGYTF,CAVRDSNYQLIW,NLVPMVATV,HLA-A*02:01,1
550,550,CASSPQGGNYGYTF,CAGPYNQGGKLIF,FLYALALLL,HLA-A*02:01,1
551,551,CASSLRSTGELFF,CALNSGSRLTF,GILGFVFTL,HLA-A*02:01,1
552,552,CASSQRVGLAGKETQYF,CATDAMSAGYSTLTF,CINGVCWTV,HLA-A*02:01,1
553,553,CASSQGQEKETQYF,CALSGSDYKLSF,RLPGVLPRA,HLA-A*02:01,1
554,554,CASSYLAGGPTDTQYF,CIPYSFDSGGGADGLTF,MMILSDDAV,HLA-A*02:01,1
555,555,CASSLAPDNSNQPQHF,CAVDPMDTGRRALTF,KLNEEIAII,HLA-A*02:01,1
556,556,CASSGISTDTQYF,CAGAGGGSQGNLIF,GILGFVFTL,HLA-A*02:01,1
557,557,CSARGKREHNTGELFF,CAVIQINDYKLSF,YLQPRTFLL,HLA-A*02:01,1
558,558,CASSPRSGIEAFF,CALSEPVTSGSRLTF,GILGFVFTL,HLA-A*02:01,1
559,559,CASSLGVAGTNTGELFF,CAVTSNTGKLIF,ELAGIGILTV,HLA-A*02:01,1
560,560,CASSQELAGGGNEQFF,CAVRDSNYQLIW,NLHPDSATL,HLA-A*02:01,1
561,561,CASSIYSNQPQHF,CAAPKGANNLFF,GILGFVFTL,HLA-A*02:01,1
562,562,CASSIRSSYEQYF,CAVWGNTGKLIF,GILGFVFTL,HLA-A*02:01,1
563,563,CATSDSAGYNEQFF,CATDAAKEYGNKLVF,NLVPMVATV,HLA-A*02:01,1
564,564,CASSVAGGDEQFF,CVVSEWNDMRF,GLCTLVAML,HLA-A*02:01,1
565,565,CASSVRSSYEQYF,CAVSSNDYKLSF,GILGFVFTL,HLA-A*02:01,1
566,566,CASSSQGLTKDEQYF,CVVNIPAGNTPLVF,SWMESEFRV,HLA-A*02:01,1
567,567,CASSIRSSETQYF,CAVNRPLTGGGNKLTF,GILGFVFTL,HLA-A*02:01,1
568,568,CASSQGTSFFEQFF,CAGPRYAQGAQKLVF,LLFGYPVYV,HLA-A*02:01,1
569,569,CASSQDLGGAYEQYF,CALTPRDDMRF,LLWNGPMAV,HLA-A*02:01,1
570,570,CATSDLKVHSGNYGYTF,CAVSGSQGNLIF,NLVPMVATV,HLA-A*02:01,1
571,571,CARGLANTGELFF,CAVSGLNNQGGKLIF,YLQPRTFLL,HLA-A*02:01,1
572,572,CASNGGLAYEQYF,CAVDDLYSNYQLIW,LLWNGPMAV,HLA-A*02:01,1
573,573,CASSQSPGGTQYF,CAGAVGSSNTGKLIF,GLCTLVAML,HLA-A*02:01,1
574,574,CASTDSPGLAGGYEQYF,CAVIRGGNTPLVF,ELAGIGILTV,HLA-A*02:01,1
575,575,CASSWQGGNGYTF,CAVEHNTDKLIF,FLYALALLL,HLA-A*02:01,1
576,576,CASSVAPGRDGYTF,CAEDNNARLMF,LLWNGPMAV,HLA-A*02:01,1
577,577,CASSHTSGNGDTQYF,CAMSVNAGGTSYGKLTF,NLVPMVATV,HLA-A*02:01,1
578,578,CASSWLSNQPQHF,CILRGDSGGGADGLTF,GILGFVFTL,HLA-A*02:01,1
579,579,CASSTDRAAQPQHF,CAVNESGGGADGLTF,SLFNTVATLY,HLA-A*02:01,1
580,580,CASSGTNSPLHF,CAGIVRDDKIIF,NLVPMVATV,HLA-A*02:01,1
581,581,CASSEQVGGTEAFF,CAATGGGSQGNLIF,KLSYGIATV,HLA-A*02:01,1
582,582,CASSAPDKAPNEQYF,CAVNGNARLMF,GLCTLVAML,HLA-A*02:01,1
583,583,CASSHYSVNEQFF,CAVREEDYKLSF,GILGFVFTL,HLA-A*02:01,1
584,584,CASSIRSSYEQYF,CAGAGGGSQGNLIF,GILGFVFTL,HLA-A*02:01,1
585,585,CSASLKADEQFF,CVVNDPAGSYQLTF,LLWNGPMAV,HLA-A*02:01,1
586,586,CASRDTSGTAYEQYF,CALSNDYKLSF,NLVPMVATV,HLA-A*02:01,1
587,587,CASSYLGMGQPQHF,CAVDGGDYKLSF,EAAGIGILTV,HLA-A*02:01,1
588,588,CASSRKTGANEQFF,CAGHLRKTSYDKVIF,LLFGYPVYV,HLA-A*02:01,1
589,589,CASSIGGGNQPQHF,CAVDPLSTRVF,GILGFVFTL,HLA-A*02:01,1
590,590,CASSVEGTSGRSYNEQFF,CAVDTGGFKTIF,NLVPMVATV,HLA-A*02:01,1
591,591,CASSAQGDSYEQYF,CAGAGGGSQGNLIF,LLWNGPMAV,HLA-A*02:01,1
592,592,CASSIGSYGYTF,CAFMVNAGGTSYGKLTF,GILGFVFTL,HLA-A*02:01,1
593,593,CATGRGGKIGEQYF,CRVGGGADGLTF,NLVPMVATV,HLA-A*02:01,1
594,594,CATTGGSGYEQYF,CALTPDYKLSF,LLWNGPMAV,HLA-A*02:01,1
595,595,CASSTRSTDTQYF,CAVRFRNNNARLMF,GILGFVFTL,HLA-A*02:01,1
596,596,CASSQYSVGEQYF,CARLHQTGANNLFF,GILGFVFTL,HLA-A*02:01,1
597,597,CASSGRDRQNTEAFF,CAENMGGGSQGNLIF,LLWNGPMAV,HLA-A*02:01,1
598,598,CSERGQGDEQYF,CAVGNSGGYQKVTF,GLCTLVAML,HLA-A*02:01,1
599,599,CASSLRGLGQPQHF,CAYRTYKYIF,ELAGIGILTV,HLA-A*02:01,1
600,600,CASSSRSTDTQYF,CAVITTDSWGKLQF,GILGFVFTL,HLA-A*02:01,1
601,601,CASSGTSVHEQYF,CGTDKGGGSQGNLIF,GILGFVFTL,HLA-A*02:01,1
602,602,CASQRGGREETQYF,CAMREEGMDSNYQLIW,YLQPRTFLL,HLA-A*02:01,1
603,603,CASSFSLQYEQYF,CAANYGGSQGNLIF,ALLPGLPAA,HLA-A*02:01,1
604,604,CASSIRSSYEQYF,CAGDGGGGSQGNLIF,GILGFVFTL,HLA-A*02:01,1
605,605,CASSLSAAYEQYF,CALMGNAGGTSYGKLTF,MMILSDDAV,HLA-A*02:01,1
606,606,CASTSGNTGELFF,CALDMGGGSQGNLIF,CVNGSCFTV,HLA-A*02:01,1
607,607,CASSQDPSRTYEQYF,CAVGTNSGGYQKVTF,GILGFVFTL,HLA-A*02:01,1
608,608,CASSLPDPYEQYF,CATDATSDKLIF,KLSYGIATV,HLA-A*02:01,1
609,609,CASSQDSPRAGFSDTQYF,CAVNIGGGSQGNLIF,ALYYPSARI,HLA-A*02:01,1
610,610,CASSPTGDREQYF,CAESLDMLTF,CLAVHECFV,HLA-A*02:01,1
611,611,CASSHSAGVFMNTEAFF,CAFMKGAGGTSYGKLTF,CINGVCWTV,HLA-A*02:01,1
612,612,CATLGSNTGELFF,CAYRSERELVF,YLQPRTFLL,HLA-A*02:01,1
613,613,CASSFWDWDEAFF,CAGAGSQGNLIF,SVLYYQNNV,HLA-A*02:01,1
614,614,CASSSPRSSRDTDTQYF,CALTPLIIQGAQKLVF,VLLGVKLFGV,HLA-A*02:01,1
615,615,CASSPRSTDTQYF,CAWGGSQGNLIF,GILGFVFTL,HLA-A*02:01,1
616,616,CASSYGTGNQPQHF,CADIPNSGNTPLVF,ILAYCNKTV,HLA-A*02:01,1
617,617,CAAIGGPNTDTQYF,CAMSGDGGSQGNLIF,MQVESDDYI,HLA-A*02:01,1
618,618,CASSWGGAYEQYF,CALSEGVFNDYKLSF,LLWNGPMAV,HLA-A*02:01,1
619,619,CASSEGQTGNTIYF,CAESPAGTALIF,ELAGIGILTV,HLA-A*02:01,1
620,620,CASSPTGGAETQYF,CAAKEGYSTLTF,ELAGIGILTV,HLA-A*02:01,1
621,621,CASSIRSTETQYF,CAGSGGGSQGNLIF,GILGFVFTL,HLA-A*02:01,1
622,622,CASSDSDGTTDTQYF,CAASMGGGSQGNLIF,YLQPRTFLL,HLA-A*02:01,1
623,623,CSARPQPVGNTIYF,CVVNRDSSYKLIF,GLCTLVAML,HLA-A*02:01,1
624,624,CASSSTGGRSTTEQYF,CAFMTNAGGTSYGKLTF,WLLWPVTLA,HLA-A*02:01,1
625,625,CASSPGYGSSGNTIYF,CLVGGVRNQGGKLIF,NLVPMVATV,HLA-A*02:01,1
626,626,CASSLAEQGGELFF,CAKSASKIIF,GLCTLVAML,HLA-A*02:01,1
627,627,CASSRGASPSQETQYF,CAVTDGGSQGNLIF,FLNGSCGSV,HLA-A*02:01,1
628,628,CASSTRSSETQYF,CAVSESRNRDDKIIF,GILGFVFTL,HLA-A*02:01,1
629,629,CASSFLAGGYNEQFF,CAGTIAGGSQGNLIF,GILGFVFTL,HLA-A*02:01,1
630,630,CASSLEVGLGGYTF,CVLASGGSYIPTF,GILGFVFTL,HLA-A*02:01,1
631,631,CASSPAGLAITGELFF,CAESINQGGKLIF,FLAHIQWMV,HLA-A*02:01,1
632,632,CATSTTFQTDYAEPYGYTF,CAVENYQLIW,CINGVCWTV,HLA-A*02:01,1
633,633,CASSYTGGLRYGYTF,CAGGGGADGLTF,GILGFVFTL,HLA-A*02:01,1
634,634,CASSEGLWQVGDEQYF,CAFMKGAGGTSYGKLTF,HMTEVVRHC,HLA-A*02:01,1
635,635,CASSWGQMNTEAFF,CAGADDKIIF,ELAGIGILTV,HLA-A*02:01,1
636,636,CASMAGTPYEQYF,CAVTPDGQKLLF,CINGVCWTV,HLA-A*02:01,1
637,637,CASRLSGSAYEQYF,CAATYSGGGADGLTF,KVLEYVIKV,HLA-A*02:01,1
638,638,CASTPVPGQVGSYEQYF,CILWVAAGNKLTF,CINGVCWTV,HLA-A*02:01,1
639,639,CASSYAYDGSYEQYF,CAMRHSGGYQKVTF,GLCTLVAML,HLA-A*02:01,1
640,640,CASSLGPDTQYF,CVNMDSNYQLIW,FLLNKEMYL,HLA-A*02:01,1
641,641,CASSIRSSYEQYF,CAGGGSQGNLIF,GILGFVFTL,HLA-A*02:01,1
642,642,CAISDLAGEPKTQETQYF,CALSEAGTGGSYIPTF,LLWNGPMAV,HLA-A*02:01,1
643,643,CASSSGTGVDYEQYF,CSNYKLTF,RIMTWLDMV,HLA-A*02:01,1
644,644,CASSTRSAYEQYF,CAPPPRGKSTF,GILGFVFTL,HLA-A*02:01,1
645,645,CASSLDLYGYTF,CAVFYTGRRALTF,NLVPMVATV,HLA-A*02:01,1
646,646,CASSYTGTGSQPQHF,CAVRVLAGSARQLTF,LLWNGPMAV,HLA-A*02:01,1
647,647,CASSTRSQETQYF,CAVYGNNRLAF,GILGFVFTL,HLA-A*02:01,1
648,648,CASSLVGTGELFF,CAVREGADGLTF,NLVPMVATV,HLA-A*02:01,1
649,649,CASKNSQGTGNEQFF,CAALSPNFGNEKLTF,ELAGIGILTV,HLA-A*02:01,1
650,650,CASSIRSAGRAFF,CALGGNNRLAF,GILGFVFTL,HLA-A*02:01,1
651,651,CASSLDIEAFF,CAMKGNTGGFKTIF,YLQPRTFLL,HLA-A*02:01,1
652,652,CASAGPGQVYEQYF,CAVTGNMLTF,GLCTLVAML,HLA-A*02:01,1
653,653,CSAWTGTEAFF,CAEEMDSSYKLIF,GLCTLVAML,HLA-A*02:01,1
654,654,CASSIGLYGYTF,CLLIYGGSQGNLIF,GILGFVFTL,HLA-A*02:01,1
655,655,CASSTRAANEQFF,CALPMNRDDKIIF,GILGFVFTL,HLA-A*02:01,1
656,656,CSAPPGDHTEAFF,CVVNNNNDMRF,GILGFVFTL,HLA-A*02:01,1
657,657,CASSFSSGTTDTQYF,CVVNDGNDMRF,GLCTLVAML,HLA-A*02:01,1
658,658,CASSIRSSYEQYF,CATDPNTGGFKTIF,GILGFVFTL,HLA-A*02:01,1
659,659,CSARGGDSVLRVGEQYF,CAESKRDGGATNKLIF,GILGFVFTL,HLA-A*02:01,1
660,660,CSASAGNQPQHF,CVVADSKLTF,ELAGIGILTV,HLA-A*02:01,1
661,661,CASSTRSTDTQYF,CVVNEPDDYKLSF,GILGFVFTL,HLA-A*02:01,1
662,662,CASSSGLAGVETGELFF,CAFGAGSYQLTF,NLVPMVATV,HLA-A*02:01,1
663,663,CASSYTGTEQYF,CAVTRNNDMRF,WLDMVDTSL,HLA-A*02:01,1
664,664,CASSFRSTDTQYF,CAVEGDTGFQKLVF,GILGFVFTL,HLA-A*02:01,1
665,665,CASSVSGGRTGELFF,CAEEHDRMYSGGGADGLTF,KVYPIILRL,HLA-A*02:01,1
666,666,CASSETGQPQHF,CVVSDLYNTDKLIF,LLWNGPMAV,HLA-A*02:01,1
667,667,CASSIRSSYEQYF,CLVPSEQAGTALIF,GILGFVFTL,HLA-A*02:01,1
668,668,CASSFRSSETQYF,CAGASGNTGKLIF,GILGFVFTL,HLA-A*02:01,1
669,669,CASQELDTGELFF,CAVIAGKSTF,YLQPRTFLL,HLA-A*02:01,1
670,670,CSPAGGNYNEQFF,CATDAGNDMRF,SMMILSDDA,HLA-A*02:01,1
671,671,CASSQRSTDTQYF,CAEDNNARLMF,GILGFVFTL,HLA-A*02:01,1
672,672,CASSPDLGYEQYF,CAVTASKLTF,GILGFVFTL,HLA-A*02:01,1
673,673,CASSILSNQPQHF,CAGAGSQGNLIF,GILGFVFTL,HLA-A*02:01,1
674,674,CASSIRSDEKLFF,CAMRPLGMDSNYQLIW,GILGFVFTL,HLA-A*02:01,1
675,675,CASSIRSSYEQYF,CVVNNADKLIF,GILGFVFTL,HLA-A*02:01,1
676,676,CATGGDHNTGELFF,CAVTRDDKIIF,YLQPRTFLL,HLA-A*02:01,1
677,677,CASSPTLVTSGNTIYF,CALSGGSNYKLTF,NLVPMVATV,HLA-A*02:01,1
678,678,CASSIAARDYGYTF,CASFDTDKLIF,AMQTMLFTM,HLA-A*02:01,1
679,679,CASSIRSGETQYF,CAASETSYDKVIF,GILGFVFTL,HLA-A*02:01,1
680,680,CASSGRSTDTQYF,CAGADGSGNTGKLIF,GILGFVFTL,HLA-A*02:01,1
681,681,CASSQSPGGMQYF,CATENSGGSNYKLTF,GLCTLVAML,HLA-A*02:01,1
682,682,CASRASATQYF,CAAALYNNAGNMLTF,SLFNTVATLY,HLA-A*02:01,1
683,683,CASSHGQGAYEQYF,CAVNGGGGSQGNLIF,LLWNGPMAV,HLA-A*02:01,1
684,684,CARSTGGDSYGYTF,CAVRMGGGAGYSTLTF,LLWNGPMAV,HLA-A*02:01,1
685,685,CASGGSSYQETQYF,CALSEVDSNYQLIW,GLCTLVAML,HLA-A*02:01,1
686,686,CASSQQGLGQPQHF,CAGAGSQGNLIF,EAAGIGILTV,HLA-A*02:01,1
687,687,CASSPSGLAGSNLGNEQFF,CAEYSSAFKIIF,TLEYMDWLV,HLA-A*02:01,1
688,688,CASSLGQQAKNIQYF,CAFMINAGGTSYGKLTF,GILGFVFTL,HLA-A*02:01,1
689,689,CASSIGYYGYTF,CAVTDEKLTF,GILGFVFTL,HLA-A*02:01,1
690,690,CASSSIWTSVNEQFF,CAVEAAAGNKLTF,KSVNITFEL,HLA-A*02:01,1
691,691,CATTDLDSGELFF,CAARDGTYNNNDMRF,YLQPRTFLL,HLA-A*02:01,1
692,692,CASRPTGMGQPQHF,CVVNSGSARQLTF,ELAGIGILTV,HLA-A*02:01,1
693,693,CASSLSGGSDEQFF,CAVTKGLTGGGNKLTF,FLLNKEMYL,HLA-A*02:01,1
694,694,CASSGPGKWETQYF,CAVRDGTGANNLFF,CINGVCWTV,HLA-A*02:01,1
695,695,CASSDRLENNEKLFF,CAEDNNARLMF,NLVPMVATV,HLA-A*02:01,1
696,696,CASSIRSSYEQYF,CAFSGYALNF,GILGFVFTL,HLA-A*02:01,1
697,697,CASSQTSGTGNYEQYF,CALDPFTGGGNKLTF,LLWNGPMAV,HLA-A*02:01,1
698,698,CASSIRSTDTQYF,CALSSRGSTLGRLYF,GILGFVFTL,HLA-A*02:01,1
699,699,CASSPEGVGGGEQYF,CAFMKGAGGTSYGKLTF,KLSALGINAV,HLA-A*02:01,1
700,700,CASSIRSAETQYF,CAEGHDSTLTF,GILGFVFTL,HLA-A*02:01,1
701,701,CASSQDLVSQPQHF,CAGAGSQGNLIF,RTLNAWVKV,HLA-A*02:01,1
702,702,CASSIRSSYEQYF,CALNPQNAGNMLTF,GILGFVFTL,HLA-A*02:01,1
703,703,CASSMRSAGELFF,CAGAFGSSNTGKLIF,GILGFVFTL,HLA-A*02:01,1
704,704,CASSYWDRTTSGNTIYF,CALPTSRNSGNTPLVF,NLVPMVATV,HLA-A*02:01,1
705,705,CATSDLQRGNTGELFF,CAEDNNPRLMF,YLQPRTFLL,HLA-A*02:01,1
706,706,CASSVRSTGELFF,CAEDSNARLMF,GILGFVFTL,HLA-A*02:01,1
707,707,CSVGSGGTNEKLFF,CALSGGGSYIPTF,GLCTLVAML,HLA-A*02:01,1
708,708,CASSFQGLGQPQHF,CALSVRVGSGYSTLTF,ELAGIGILTV,HLA-A*02:01,1
709,709,CASSSLNTEAFF,CAASDDKIIF,AMQTMLFTM,HLA-A*02:01,1
710,710,CASSIRSSYEQYF,CAGADGGSQGNLIF,GILGFVFTL,HLA-A*02:01,1
711,711,CASSPSELADTQYF,CAMREDPGGTSYGKLTF,ELAGIGILTV,HLA-A*02:01,1
712,712,CASSSFSANEKLFF,CAGATGNTGKLIF,GILGFVFTL,HLA-A*02:01,1
713,713,CASSFLDRGPNTEAFF,CAEVPLQGNLIF,GILGFVFTL,HLA-A*02:01,1
714,714,CASSYQTGTGTYGYTF,CAESEGPTYTDKLIF,NLVPMVATV,HLA-A*02:01,1
715,715,CASSIRSSYEQYF,CPGGSQGNLIF,GILGFVFTL,HLA-A*02:01,1
716,716,CASSIFGSSNQPQHF,CAVREAAGNKLTF,GILGFVFTL,HLA-A*02:01,1
717,717,CASSEGLNNEQFF,CLVGEGGGSQGNLIF,KIILFLALI,HLA-A*02:01,1
718,718,CASSLTGETEKLFF,CAGNYGGSQGNLIF,RLPGVLPRA,HLA-A*02:01,1
719,719,CASSGVQLLPGELFF,CAGTDGGSQGNLIF,GLCTLVAML,HLA-A*02:01,1
720,720,CASSIRSLDTQYF,CAMREGWPNTNAGKSTF,GILGFVFTL,HLA-A*02:01,1
721,721,CASSQGAYGYTF,CAGGGSQGNLIF,GILGFVFTL,HLA-A*02:01,1
722,722,CASSSGLAGASNEQFF,CAADNYGGSQGNLIF,RLPGVLPRA,HLA-A*02:01,1
723,723,CASKVSGTGVIPPLHF,CAYRGPLDNYGQNFVF,KLVAMGINAV,HLA-A*02:01,1
724,724,CASSWGLAEFYNEQFF,CAMRDPSTGNQFYF,SLLMPILTL,HLA-A*02:01,1
725,725,CASSLGQDGYTF,CAVVDQAGTALIF,FLASKIGRLV,HLA-A*02:01,1
726,726,CASSTRSAYEQYF,CAAGGSQGNLIF,GILGFVFTL,HLA-A*02:01,1
727,727,CASSQDSWAGGSNEQFF,CAMSGGGGSQGNLIF,YLGGMSYYC,HLA-A*02:01,1
728,728,CASSSQGGGSGYTF,CAYSTNAGGTSYGKLTF,GILGFVFTL,HLA-A*02:01,1
729,729,CASSQSPGGVAFF,CAVQALYGQNFVF,GLCTLVAML,HLA-A*02:01,1
730,730,CSARAELAADFISSYNEQFF,CAGDSPAGKSTF,NLVPMVATV,HLA-A*02:01,1
731,731,CASSRQGSQPQHF,CAAPGGGGSQGNLIF,LLYDANYFL,HLA-A*02:01,1
732,732,CASSPRSTDTQYF,CVVNGNTDKLIF,GILGFVFTL,HLA-A*02:01,1
733,733,CSARDSTGNGYTF,CAFTSGTYKYIF,GLCTLVAML,HLA-A*02:01,1
734,734,CSARGSSQWETQYF,CAASMGTDYKLSF,YLQPRTFLL,HLA-A*02:01,1
735,735,CASGEANTGELFF,CAGNYGGSQGNLIF,YLQPRTFLL,HLA-A*02:01,1
736,736,CASSIRSSYEQYF,CAEIQASGGSYIPTF,GILGFVFTL,HLA-A*02:01,1
737,737,CASSTVGSSGNTIYF,CALSEAGKTSYDKVIF,RTLNAWVKV,HLA-A*02:01,1
738,738,CASSAGTGDSYEQYF,CAMSERDGNQFYF,FIAGLIAIV,HLA-A*02:01,1
739,739,CASSFRAPFDSPLHF,CAGADGGSQGNLIF,FLASKIGRLV,HLA-A*02:01,1
740,740,CAWQVMNTGELFF,CVVNGKDSSYKLIF,YLQPRTFLL,HLA-A*02:01,1
741,741,CASSQGSYGYTF,CAMRELLNSGGSNYKLTF,GILGFVFTL,HLA-A*02:01,1
742,742,CASSPSMETQYF,CAENPSSGNTPLVF,QVILLNKHI,HLA-A*02:01,1
743,743,CASSLGILGGSLEPQHF,CALSGETSGSRLTF,KVLEYVIKV,HLA-A*02:01,1
744,744,CASSLRDGSEAFF,YFLSSGARVTGGGNKITF,GILGFVFTL,HLA-A*02:01,1
745,745,CASSAGGGSYNEQFF,CAVTFSGGYNKLIF,NLVPMVATV,HLA-A*02:01,1
746,746,CASSFRSSYEQYF,CAAPTGFGNEKLTF,GILGFVFTL,HLA-A*02:01,1
747,747,CASSPGTLADTQYF,CAERNAGKSTF,ELAGIGILTV,HLA-A*02:01,1
748,748,CASSPGRGDSPLHF,CAVPLTGGGNKLTF,YMRSLKVPA,HLA-A*02:01,1
749,749,CASSNSEGSGANVLTF,CAGGGSQGNLIF,CVNGSCFTV,HLA-A*02:01,1
750,750,CASSLAGFTGELFF,CAVINSGYSTLTF,NLVPMVATV,HLA-A*02:01,1
751,751,CASSVSPNEQFF,CAMRDGGGSQGNLIF,YLQPRTFLL,HLA-A*02:01,1
752,752,CASSPGTSGRAWNNEQFF,CAYSPAAGGTSYGKLTF,NLVPMVATV,HLA-A*02:01,1
753,753,CASSAQEGRIEMNTEAFF,CAVNNARLMF,ALWEIQQVV,HLA-A*02:01,1
754,754,CASSPKTGASYGYTF,CAVGSQGNLIF,NLVPMVATV,HLA-A*02:01,1
755,755,CASSQSPGGTQYF,CAADYSGAGSYQLTF,GLCTLVAML,HLA-A*02:01,1
756,756,CASSIGVYGYTF,CAYGGSQGNLIF,GILGFVFTL,HLA-A*02:01,1
757,757,CASRINPGGADEAFF,CLVGDSYSSASKIIF,GILGFVFTL,HLA-A*02:01,1
758,758,CASSIGVYGYTF,CAVNAGNQFYF,GILGFVFTL,HLA-A*02:01,1
759,759,CASSVRSSYEQYF,CAADPGFQKLVF,GILGFVFTL,HLA-A*02:01,1
760,760,CAISEQEDQPQHF,CAVNSGNQFYF,NLVPMVATV,HLA-A*02:01,1
761,761,CASSARSSDTQYF,CAVSTGFQKLVF,GILGFVFTL,HLA-A*02:01,1
762,762,CASSSGQGNIQYF,CAVTTDSWGKLQF,CINGVCWTV,HLA-A*02:01,1
763,763,CASSMTSGALYNEQFF,CAGSNTNAGKSTF,NLVPMVATV,HLA-A*02:01,1
764,764,CASGTEIFYYEQYF,CAVSDSNYQLIW,LLWNGPMAV,HLA-A*02:01,1
765,765,CASSTRATGELFF,CAVTGSNFGNEKLTF,GILGFVFTL,HLA-A*02:01,1
766,766,CSARDGTGNGYTF,CAMRELTSGTYKYIF,GLCTLVAML,HLA-A*02:01,1
767,767,CASSLADLLAEKLFF,CAEIIYGNNRLAF,IQPGQTFSV,HLA-A*02:01,1
768,768,CASSLETANTEAFF,CAENMGGGSQGNLIF,SLFNTVATLY,HLA-A*02:01,1
769,769,CASSIRSSYEQYF,CALRAGNQFYF,GILGFVFTL,HLA-A*02:01,1
770,770,CAISESWTSGIGREETQYF,CAVTVSNDYKLSF,ALWEIQQVV,HLA-A*02:01,1
771,771,CASSHSGQSFYNEQFF,CAMSGGKLIF,GLCTLVAML,HLA-A*02:01,1
772,772,CASSGRSQETQYF,CAGNNARLMF,GILGFVFTL,HLA-A*02:01,1
773,773,CAWSGFANTGELFF,CAVEGSSGSARQLTF,YLQPRTFLL,HLA-A*02:01,1
774,774,CASSFQGLGYEQYF,CAVRALNDYKLSF,ELAGIGILTV,HLA-A*02:01,1
775,775,CASSTRTEGTEAFF,CAASGSQGNLIF,YLQPRTFLL,HLA-A*02:01,1
776,776,CASSFPPRLYANYGYTF,CIVREWDNYGQNFVF,GILGFVFTL,HLA-A*02:01,1
777,777,CASSIVSNQPQHF,CLVGVPGSARQLTF,GILGFVFTL,HLA-A*02:01,1
778,778,CASSQDHNRGQGYTF,CAYSHNAGGTSYGKLTF,ELAGIGILTV,HLA-A*02:01,1
779,779,CASSPDIEAFF,CAGAGNTGKLIF,YLQPRTFLL,HLA-A*02:01,1
780,780,CASSRRSTGELFF,CLVGDNLDSSYKLIF,GILGFVFTL,HLA-A*02:01,1
781,781,CASSLYIQGGEQYF,CAVGAGNSGYSTLTF,CINGVCWTV,HLA-A*02:01,1
782,782,CASSIRSTETQYF,CAEIPNYGGSQGNLIF,GILGFVFTL,HLA-A*02:01,1
783,783,CASSDTGYDSPLHF,CVVNGADKLIF,VMVELVAEL,HLA-A*02:01,1
784,784,CASSPRDSLYEQYF,CAGAGSQGNLIF,RLYLDAYNM,HLA-A*02:01,1
785,785,CASSARSSTEQYF,CAVVFAGNTPLVF,GILGFVFTL,HLA-A*02:01,1
786,786,CASSLNPRLTRTDTQYF,CATEGAYSGAGSYQLTF,LLDFVRFMGV,HLA-A*02:01,1
787,787,CASSIRAAYEQYF,CVVFNFNKFYF,GILGFVFTL,HLA-A*02:01,1
788,788,CASSMRSSYEQYF,CAESINTGGFKTIF,GILGFVFTL,HLA-A*02:01,1
789,789,CASSGPRGVGETQYF,CVVNGKTGNQFYF,LLYDANYFL,HLA-A*02:01,1
790,790,CASSLMAGSYEQYF,CAGAGSQGNLIF,GILGFVFTL,HLA-A*02:01,1
791,791,CASSEGQVSPGELFF,CAARTGNQFYF,GLCTLVAML,HLA-A*02:01,1
792,792,CASSDGGGGSEAFF,CVVPSRTGFQKLVF,ELAGIGILTV,HLA-A*02:01,1
793,793,CASSLEPAGGPGEQYF,CAVRYDYGQNFVF,YMPYFFTLL,HLA-A*02:01,1
794,794,CASSPLAGVSDTQYF,CAAGYSSASKIIF,GLCTLVAML,HLA-A*02:01,1
795,795,CASSIRSSYEQYF,CAGTYGGSQGNLIF,GILGFVFTL,HLA-A*02:01,1
796,796,CASSVEGVGTSTDTQYF,CAGGGSQGNLIF,GLCTLVAML,HLA-A*02:01,1
797,797,CASSPRDRERGEQYF,CALSGNKLVF,LLDFVRFMGV,HLA-A*02:01,1
798,798,CASRPSRGTNYGYTF,CVVNNNNDMRF,KLYGLDWAEL,HLA-A*02:01,1
799,799,CSARDHGATNTGELFF,CALNDYKLSF,YLQPRTFLL,HLA-A*02:01,1
800,800,CASSTRSTDTQYF,CAVNSGGYQKVTF,GILGFVFTL,HLA-A*02:01,1
801,801,CSARDSTGNGYTF,CALNPTGGGNKLTF,GLCTLVAML,HLA-A*02:01,1
802,802,CASSATSNQPQHF,CAVTSARLMF,SGGGETALA,HLA-A*02:01,1
803,803,CATSWGGSGELFF,CAMSGDSNYQLIW,ELAGIGILTV,HLA-A*02:01,1
804,804,CASKVEVSSNQPQHF,CAVNAGGTSYGKLTF,KLPDDFTGCV,HLA-A*02:01,1
805,805,CASSIGAYGYTF,CVVNSDFGNEKLTF,GILGFVFTL,HLA-A*02:01,1
806,806,CASSTRSGDTQYF,CAVDMFDRGSTLGRLYF,GILGFVFTL,HLA-A*02:01,1
807,807,CASSIRSSYEQYF,CALSEGRDDKIIF,GILGFVFTL,HLA-A*02:01,1
808,808,CASSLGIYGYTF,CAGSGDGGSQGNLIF,GILGFVFTL,HLA-A*02:01,1
809,809,CASSGRSTDTQYF,CAYFGAQKLVF,GILGFVFTL,HLA-A*02:01,1
810,810,CASSLLGTEAFF,CATDAGETSGSRLTF,NVLTLVYKV,HLA-A*02:01,1
811,811,CASSVRSSYEQYF,CAGEGGGSQGNLIF,GILGFVFTL,HLA-A*02:01,1
812,812,CASSENTGSNQPQHF,CAFMKLAGANSKLTF,CLAVHECFV,HLA-A*02:01,1
813,813,CASSWGQGSAYTF,CAFMINAGGTSYGKLTF,ELAGIGILTV,HLA-A*02:01,1
814,814,CASSRRDATRFAETQYF,CAEYEDSSYKLIF,NLVPMVATV,HLA-A*02:01,1
815,815,CATSGRTGGGEQYF,CAYLDTGNQFYF,LLWNGPMAV,HLA-A*02:01,1
816,816,CSARLPRDYSNQPQHF,CAASAAGNQFYF,NLVPMVATV,HLA-A*02:01,1
817,817,CASSISGGPGETQYF,CAFRDPAHGSSNTGKLIF,GILGFVFTL,HLA-A*02:01,1
818,818,CASSLYGQGSSSYGYTF,CAVGGSARQLTF,CINGVCWTV,HLA-A*02:01,1
819,819,CASSIRSQTEQFF,CAFMKGAGGTSYGKLTF,GILGFVFTL,HLA-A*02:01,1
820,820,CASSLGGTSTAETQYF,CAVRSWSTDKLIF,FLNRFTTTL,HLA-A*02:01,1
821,821,CASSHSGYEQFF,CAGGGSQGNLIF,LLWNGPMAV,HLA-A*02:01,1
822,822,CASSHRSNQPQHF,CARNTGNQFYF,GILGFVFTL,HLA-A*02:01,1
823,823,CATSDQHGSSEQFF,CAMRELLISGGYNKLIF,MLNPNYEDL,HLA-A*02:01,1
824,824,CASTRESTDTQYF,CAMREVMDSNYQLIW,NLVPMVATV,HLA-A*02:01,1
825,825,CASSIRSSYEQYF,CAFMKGAGGTSYGKLTF,GILGFVFTL,HLA-A*02:01,1
826,826,CASSLAAGGSWNEQFF,CAAEINAGGTSYGKLTF,FIAGLIAIV,HLA-A*02:01,1
827,827,CASSIGSYGYTF,CALNYGGSQGNLIF,GILGFVFTL,HLA-A*02:01,1
828,828,CASSSLGAREQFF,CALKRSNTGKLIF,GILGFVFTL,HLA-A*02:01,1
829,829,CAISDLTGEIYSGYTF,CALSEGTYNNNDMRF,CINGVCWTV,HLA-A*02:01,1
830,830,CASSIRSGYEQYF,CAVNSGNQFYF,GILGFVFTL,HLA-A*02:01,1
831,831,CASSLASSTAYGYTF,CAMREGNNYGQNFVF,YLQPRTFLL,HLA-A*02:01,1
832,832,CASGFPIYRDKSTDTQYF,CAGRRGYGQNFVF,LLLTILTSL,HLA-A*02:01,1
833,833,CASSQDLLAGDSYEQYF,CAVEVYSGGGADGLTF,RIMTWLDMV,HLA-A*02:01,1
834,834,CATSREGAGTEAFF,CAVNFGGGKLIF,KLIEYTDFA,HLA-A*02:01,1
835,835,CASSLLGYEQYF,CAVRPGYSSASKIIF,ALNTPKDHI,HLA-A*02:01,1
836,836,CASSSGQGNIQYF,CALDPDTDKLIF,CINGVCWTV,HLA-A*02:01,1
837,837,CASSSRDGGTDTQYF,CALSEPYSGNTPLVF,GILGFVFTL,HLA-A*02:01,1
838,838,CATSDPGTTNTGELFF,CAENAPLGRRALTF,ALYGFVPVL,HLA-A*02:01,1
839,839,CATSRDLASQAFF,CAFRTSGSRLTF,GILGFVFTL,HLA-A*02:01,1
840,840,CASSMVVHEQFF,CAGNYGGSQGNLIF,ALWEIQQVV,HLA-A*02:01,1
841,841,CASSSWTQQETQYF,CASYNQGGKLIF,TLMNVITLV,HLA-A*02:01,1
842,842,CASSGLAGARNEQYF,CALSEASGNAGNMLTF,GILGFVFTL,HLA-A*02:01,1
843,843,CASSTRSQETQYF,CAVRDGTGANNLFF,GILGFVFTL,HLA-A*02:01,1
844,844,CASSLGNEKLFF,CADSGGGADGLTF,KTWGQYWQV,HLA-A*02:01,1
845,845,CASSIRSSYEQYF,CAVNTGGGSQGNLIF,GILGFVFTL,HLA-A*02:01,1
846,846,CASSRTGELFF,CAVTDNNNNDMRF,FLHVTYVPA,HLA-A*02:01,1
847,847,CASSQVEAFYEQYF,CAVEVLQGAQKLVF,GILGFVFTL,HLA-A*02:01,1
848,848,CASSVGTGDHQPQHF,CAFIEVDRDDKIIF,LLDFVRFMGV,HLA-A*02:01,1
849,849,CASSLAGQENQPQHF,CAILQGAQKLVF,TILTSLLVL,HLA-A*02:01,1
850,850,CSARDLTAGSYEQYF,CAGALDSGYALNF,GILGFVFTL,HLA-A*02:01,1
851,851,CASSWGGGSHYGYTF,CAVNAGGFKTIF,GILGFVFTL,HLA-A*02:01,1
852,852,CSARPRTSGSGAGELFF,CAESIGKLIF,ELAGIGILTV,HLA-A*02:01,1
853,853,CASSIRSGVEQYF,CAMRRPGANNLFF,GILGFVFTL,HLA-A*02:01,1
854,854,CASSVGSYGYTF,CALSEAGGATNKLIF,GILGFVFTL,HLA-A*02:01,1
855,855,CASGNKDIHNEQFF,CAVQDNFNKFYF,GILGFVFTL,HLA-A*02:01,1
856,856,CASSFSGDTEAFF,CGTSDGGSQGNLIF,GILGFVFTL,HLA-A*02:01,1
857,857,CASSMRAGVEQFF,CAAGGSQGNLIF,GILGFVFTL,HLA-A*02:01,1
858,858,CATSPPEALWEQYF,CAGQLRWQGGSEKLVF,VFLVLLPLV,HLA-A*02:01,1
859,859,CASSDLDTGELFF,CAGGGSQGNLIF,YLQPRTFLL,HLA-A*02:01,1
860,860,CASSQGLAGEVYTGELFF,CAVIGEGGKLTF,NLVPMVATV,HLA-A*02:01,1
861,861,CASSARAGITQYF,CAAGGSQGNLIF,GILGFVFTL,HLA-A*02:01,1
862,862,CASSQRSTDTQYF,CVVNSNNDMRF,GILGFVFTL,HLA-A*02:01,1
863,863,CASSQDLTSEAFF,CAGDGGGGSQGNLIF,GILGFVFTL,HLA-A*02:01,1
864,864,CASRVQGLLMHYEQYF,CAVNTPPFYF,ELAGIGILTV,HLA-A*02:01,1
865,865,CASSRQGGYGYTF,CAYPGNTPLVF,LLWNGPMAV,HLA-A*02:01,1
866,866,CASRTSSTGELFF,CAVQAGIYNQGGKLIF,FLALCADSI,HLA-A*02:01,1
867,867,CASSSLAGDEQYF,CAESLLSGGYNKLIF,YGFQPTNGV,HLA-A*02:01,1
868,868,CASSQLLAGGFSQTDTQYF,CAVGAPTNDYKLSF,CINGVCWTV,HLA-A*02:01,1
869,869,CSARDSTGNGYTF,CAAKGTSYDKVIF,GLCTLVAML,HLA-A*02:01,1
870,870,CASSVELAPGELFF,CAGEGGSQGNLIF,GILGFVFTL,HLA-A*02:01,1
871,871,CASSIRSSYEQYF,CGYGGSQGNLIF,GILGFVFTL,HLA-A*02:01,1
872,872,CASSTRTSGNSYNEQFF,CAGDDQGGKLIF,FLASKIGRLV,HLA-A*02:01,1
873,873,CALSDQNTGELFF,CAVKPGTASKLTF,YLQPRTFLL,HLA-A*02:01,1
874,874,CSARDSMAQNTGELFF,CATADFTSGTYKYIF,YLQPRTFLL,HLA-A*02:01,1
875,875,CASSIRSSYEQYF,CAVSDARNYQLIW,GILGFVFTL,HLA-A*02:01,1
